siteID,plotID,individualID,year,AGBJenkins,AGBChojnacky,AGBAnnighofer,growth_AGBJenkins,growth_cumu_AGBJenkins,growth_AGBChojnacky,growth_cumu_AGBChojnacky,growth_AGBAnnighofer,growth_cumu_AGBAnnighofer,stemDiameter,height,plantStatus,corrected_is_dead,gapFilling,scientificName,taxonID,genus,family,taxonRank,pointID,stemDistance,stemAzimuth
DSNY,DSNY_006,NEON.PLA.D03.DSNY.00001,2014,110.04992685300294,123.24794336441573,0.0,,2.6566350317434946,,3.270900049781785,,0.0,20.1,,,False,FILLED,Pinus palustris Mill.,PIPA2,Pinus,Pinaceae,species,41,4.9,190.6
DSNY,DSNY_006,NEON.PLA.D03.DSNY.00001,2017,118.019831948234,133.060643513761,0.0,2.656635031743685,2.6566350317434946,3.2709000497817535,3.270900049781785,0.0,0.0,20.1,12.9,"Live, disease damaged",False,ORIGINAL,Pinus palustris Mill.,PIPA2,Pinus,Pinaceae,species,41,4.9,190.6
DSNY,DSNY_006,NEON.PLA.D03.DSNY.00001,2022,131.303007106951,149.41514376267,0.0,2.6566350317433973,2.6566350317434946,3.270900049781801,3.270900049781785,0.0,0.0,21.0,12.9,"Live, physically damaged",False,ORIGINAL,Pinus palustris Mill.,PIPA2,Pinus,Pinaceae,species,41,4.9,190.6
DSNY,DSNY_006,NEON.PLA.D03.DSNY.00002,2014,178.77482698912172,208.81163895999634,0.0,,4.746686236995428,,6.1020260948679645,,0.0,24.6,,,False,FILLED,Pinus palustris Mill.,PIPA2,Pinus,Pinaceae,species,41,9.8,223.1
DSNY,DSNY_006,NEON.PLA.D03.DSNY.00002,2017,193.014885700107,227.1177172446,0.0,4.746686236995089,4.746686236995428,6.102026094867881,6.1020260948679645,0.0,0.0,24.6,13.7,"Live, disease damaged",False,ORIGINAL,Pinus palustris Mill.,PIPA2,Pinus,Pinaceae,species,41,9.8,223.1
DSNY,DSNY_006,NEON.PLA.D03.DSNY.00002,2022,216.748316885085,257.62784771894,0.0,4.7466862369956,4.746686236995428,6.102026094868006,6.1020260948679645,0.0,0.0,25.8,12.4,"Live, physically damaged",False,ORIGINAL,Pinus palustris Mill.,PIPA2,Pinus,Pinaceae,species,41,9.8,223.1
DSNY,DSNY_006,NEON.PLA.D03.DSNY.00003,2014,268.6539739358104,325.1370260343174,0.0,,6.493626960267445,,8.639969160286315,,0.0,29.0,,,False,FILLED,Pinus palustris Mill.,PIPA2,Pinus,Pinaceae,species,41,6.6,245.7
DSNY,DSNY_006,NEON.PLA.D03.DSNY.00003,2017,288.134854816613,351.056933515177,0.0,6.493626960267515,6.493626960267445,8.639969160286531,8.639969160286315,0.0,0.0,29.0,14.1,"Live, disease damaged",False,ORIGINAL,Pinus palustris Mill.,PIPA2,Pinus,Pinaceae,species,41,6.6,245.7
DSNY,DSNY_006,NEON.PLA.D03.DSNY.00003,2022,320.60298961795,394.256779316608,0.0,6.493626960267409,6.493626960267445,8.639969160286205,8.639969160286315,0.0,0.0,30.3,13.4,"Live, physically damaged",False,ORIGINAL,Pinus palustris Mill.,PIPA2,Pinus,Pinaceae,species,41,6.6,245.7
DSNY,DSNY_006,NEON.PLA.D03.DSNY.00007,2014,110.0120540756443,123.14000138405027,0.0,,3.629195932316457,,4.484445498114969,,0.0,20.3,,,False,FILLED,Pinus palustris Mill.,PIPA2,Pinus,Pinaceae,species,41,11.1,54.8
DSNY,DSNY_006,NEON.PLA.D03.DSNY.00007,2017,120.899641872594,136.593337878395,0.0,3.6291959323165677,3.629195932316457,4.484445498114913,4.484445498114969,0.0,0.0,20.3,12.0,Live,False,ORIGINAL,Pinus palustris Mill.,PIPA2,Pinus,Pinaceae,species,41,11.1,54.8
DSNY,DSNY_006,NEON.PLA.D03.DSNY.00007,2022,139.045621534176,159.01556536897,0.0,3.6291959323164007,3.629195932316457,4.484445498114996,4.484445498114969,0.0,0.0,21.5,12.2,"Live, physically damaged",False,ORIGINAL,Pinus palustris Mill.,PIPA2,Pinus,Pinaceae,species,41,11.1,54.8
DSNY,DSNY_006,NEON.PLA.D03.DSNY.00010,2014,112.34048508107298,126.00078431941984,0.0,,3.3381420566378903,,4.1268476311937725,,0.0,20.4,,,False,FILLED,Pinus palustris Mill.,PIPA2,Pinus,Pinaceae,species,33,10.0,330.0
DSNY,DSNY_006,NEON.PLA.D03.DSNY.00010,2017,122.354911250986,138.381327213001,0.0,3.338142056637674,3.3381420566378903,4.126847631193717,4.1268476311937725,0.0,0.0,20.4,12.2,Live,False,ORIGINAL,Pinus palustris Mill.,PIPA2,Pinus,Pinaceae,species,33,10.0,330.0
DSNY,DSNY_006,NEON.PLA.D03.DSNY.00010,2022,139.045621534176,159.01556536897,0.0,3.338142056638,3.3381420566378903,4.1268476311938,4.1268476311937725,0.0,0.0,21.5,12.1,"Live, physically damaged",False,ORIGINAL,Pinus palustris Mill.,PIPA2,Pinus,Pinaceae,species,33,10.0,330.0
DSNY,DSNY_020,NEON.PLA.D03.DSNY.00045,2014,40.8454401353993,41.9944923231773,0.0,,0.0,,0.0,,0.0,13.0,,,False,FILLED,Pinus palustris Mill.,PIPA2,Pinus,Pinaceae,species,41,11.6,232.0
DSNY,DSNY_020,NEON.PLA.D03.DSNY.00045,2017,40.8454401353993,41.9944923231773,0.0,0.0,0.0,0.0,0.0,0.0,0.0,13.0,4.2,Standing dead,False,ORIGINAL,Pinus palustris Mill.,PIPA2,Pinus,Pinaceae,species,41,11.6,232.0
DSNY,DSNY_020,NEON.PLA.D03.DSNY.00045,2022,40.8454401353993,41.9944923231773,0.0,0.0,0.0,0.0,0.0,0.0,0.0,13.0,,,False,FILLED,Pinus palustris Mill.,PIPA2,Pinus,Pinaceae,species,41,11.6,232.0
DSNY,DSNY_012,NEON.PLA.D03.DSNY.00064,2014,0.0,0.0,0.0,,0.0,,0.0,,0.0,41.2,,,False,FILLED,Pinus elliottii Engelm. var. densa Little & Dorman,PIELD,Pinus,Pinaceae,variety,41,6.8,248.1
DSNY,DSNY_012,NEON.PLA.D03.DSNY.00064,2017,0.0,0.0,0.0,0.0,0.0,0.0,0.0,0.0,0.0,41.2,14.4,Live,False,ORIGINAL,Pinus elliottii Engelm. var. densa Little & Dorman,PIELD,Pinus,Pinaceae,variety,41,6.8,248.1
DSNY,DSNY_012,NEON.PLA.D03.DSNY.00064,2022,0.0,0.0,0.0,0.0,0.0,0.0,0.0,0.0,0.0,42.5,16.0,Live,False,ORIGINAL,Pinus elliottii Engelm. var. densa Little & Dorman,PIELD,Pinus,Pinaceae,variety,41,6.8,248.1
DSNY,DSNY_012,NEON.PLA.D03.DSNY.00065,2022,40.8454401353993,41.9944923231773,0.0,,,,,,,13.0,8.1,Live,False,ORIGINAL,Pinus palustris Mill.,PIPA2,Pinus,Pinaceae,species,41,9.5,328.8
DSNY,DSNY_012,NEON.PLA.D03.DSNY.00071,2014,250.77000188199236,300.66760320737376,0.0,,-13.369108563170043,,-16.964033633622414,,0.0,25.5,,,False,FILLED,Pinus elliottii Engelm.,PIEL,Pinus,Pinaceae,species,41,5.9,179.0
DSNY,DSNY_012,NEON.PLA.D03.DSNY.00071,2017,210.662676192482,249.77550230651,0.0,-13.369108563170121,-13.369108563170043,-16.964033633621256,-16.964033633622414,0.0,0.0,25.5,11.7,"Live, disease damaged",False,ORIGINAL,Pinus elliottii Engelm.,PIEL,Pinus,Pinaceae,species,41,5.9,179.0
DSNY,DSNY_012,NEON.PLA.D03.DSNY.00071,2022,143.817133376632,164.955334138395,0.0,-13.369108563169998,-13.369108563170043,-16.964033633623,-16.964033633622414,0.0,0.0,21.8,12.1,"Live, insect damaged",False,ORIGINAL,Pinus elliottii Engelm.,PIEL,Pinus,Pinaceae,species,41,5.9,179.0
DSNY,DSNY_025,NEON.PLA.D03.DSNY.00075,2016,59.7687074543285,63.5170484766074,0.0,,0.0,,0.0,,0.0,15.2,,,False,FILLED,Pinus elliottii Engelm.,PIEL,Pinus,Pinaceae,species,31,7.1,87.0
DSNY,DSNY_025,NEON.PLA.D03.DSNY.00075,2017,59.7687074543285,63.5170484766074,0.0,0.0,0.0,0.0,0.0,0.0,0.0,15.2,6.9,Live,False,ORIGINAL,Pinus elliottii Engelm.,PIEL,Pinus,Pinaceae,species,31,7.1,87.0
DSNY,DSNY_025,NEON.PLA.D03.DSNY.00076,2016,39.3322206440439,40.3062540740743,0.0,,0.0,,0.0,,0.0,12.8,,,False,FILLED,Pinus elliottii Engelm.,PIEL,Pinus,Pinaceae,species,31,12.5,79.2
DSNY,DSNY_025,NEON.PLA.D03.DSNY.00076,2017,39.3322206440439,40.3062540740743,0.0,0.0,0.0,0.0,0.0,0.0,0.0,12.8,7.7,Live,False,ORIGINAL,Pinus elliottii Engelm.,PIEL,Pinus,Pinaceae,species,31,12.5,79.2
DSNY,DSNY_025,NEON.PLA.D03.DSNY.00078,2016,80.7590361526958,88.0982513500495,0.0,,0.0,,0.0,,0.0,17.2,,,False,FILLED,Pinus elliottii Engelm.,PIEL,Pinus,Pinaceae,species,51,4.6,255.4
DSNY,DSNY_025,NEON.PLA.D03.DSNY.00078,2017,80.7590361526958,88.0982513500495,0.0,0.0,0.0,0.0,0.0,0.0,0.0,17.2,8.6,Live,False,ORIGINAL,Pinus elliottii Engelm.,PIEL,Pinus,Pinaceae,species,51,4.6,255.4
DSNY,DSNY_025,NEON.PLA.D03.DSNY.00079,2016,106.907064185644,119.500210912485,0.0,,0.0,,0.0,,0.0,19.3,,,False,FILLED,Pinus elliottii Engelm.,PIEL,Pinus,Pinaceae,species,49,7.1,164.5
DSNY,DSNY_025,NEON.PLA.D03.DSNY.00079,2017,106.907064185644,119.500210912485,0.0,0.0,0.0,0.0,0.0,0.0,0.0,19.3,7.3,Live,False,ORIGINAL,Pinus elliottii Engelm.,PIEL,Pinus,Pinaceae,species,49,7.1,164.5
DSNY,DSNY_015,NEON.PLA.D03.DSNY.00146,2014,380.266184690971,474.614025788269,0.0,,0.0,,0.0,,0.0,32.5,,,False,FILLED,Pinus palustris Mill.,PIPA2,Pinus,Pinaceae,species,41,5.2,36.2
DSNY,DSNY_015,NEON.PLA.D03.DSNY.00146,2017,380.266184690971,474.614025788269,0.0,0.0,0.0,0.0,0.0,0.0,0.0,32.5,14.8,Standing dead,False,ORIGINAL,Pinus palustris Mill.,PIPA2,Pinus,Pinaceae,species,41,5.2,36.2
DSNY,DSNY_015,NEON.PLA.D03.DSNY.00146,2022,380.266184690971,474.614025788269,0.0,0.0,0.0,0.0,0.0,0.0,0.0,32.5,,,False,FILLED,Pinus palustris Mill.,PIPA2,Pinus,Pinaceae,species,41,5.2,36.2
DSNY,DSNY_010,NEON.PLA.D03.DSNY.00193,2014,335.6846766012677,414.33289587983927,0.0,,5.5726885112129185,,7.535141238553722,,0.0,31.5,,,False,FILLED,Pinus palustris Mill.,PIPA2,Pinus,Pinaceae,species,41,6.5,29.9
DSNY,DSNY_010,NEON.PLA.D03.DSNY.00193,2017,352.402742134906,436.9383195955,0.0,5.57268851121277,5.5726885112129185,7.535141238553574,7.535141238553722,0.0,0.0,31.5,17.4,Live,False,ORIGINAL,Pinus palustris Mill.,PIPA2,Pinus,Pinaceae,species,41,6.5,29.9
DSNY,DSNY_010,NEON.PLA.D03.DSNY.00193,2022,380.266184690971,474.614025788269,0.0,5.572688511212993,5.5726885112129185,7.535141238553797,7.535141238553722,0.0,0.0,32.5,17.3,"Live, physically damaged",False,ORIGINAL,Pinus palustris Mill.,PIPA2,Pinus,Pinaceae,species,41,6.5,29.9
DSNY,DSNY_010,NEON.PLA.D03.DSNY.00194,2014,272.4305471352054,330.21650729560133,0.0,,4.430349982969821,,5.8819389796779875,,0.0,28.9,,,False,FILLED,Pinus palustris Mill.,PIPA2,Pinus,Pinaceae,species,41,7.9,32.1
DSNY,DSNY_010,NEON.PLA.D03.DSNY.00194,2017,285.721597084115,347.862324234634,0.0,4.430349982969858,4.430349982969821,5.881938979677557,5.8819389796779875,0.0,0.0,28.9,15.7,Live,False,ORIGINAL,Pinus palustris Mill.,PIPA2,Pinus,Pinaceae,species,41,7.9,32.1
DSNY,DSNY_010,NEON.PLA.D03.DSNY.00194,2022,307.873346998964,377.272019133025,0.0,4.430349982969801,4.430349982969821,5.881938979678205,5.8819389796779875,0.0,0.0,29.8,18.3,Live,False,ORIGINAL,Pinus palustris Mill.,PIPA2,Pinus,Pinaceae,species,41,7.9,32.1
DSNY,DSNY_010,NEON.PLA.D03.DSNY.00195,2014,405.1360386909473,508.425843175567,0.0,,2.411116433529831,,3.298125546645368,,0.0,33.6,,,False,FILLED,Pinus palustris Mill.,PIPA2,Pinus,Pinaceae,species,41,7.7,113.2
DSNY,DSNY_010,NEON.PLA.D03.DSNY.00195,2017,412.369387991537,518.320219815503,0.0,2.411116433529893,2.411116433529831,3.2981255466453376,3.298125546645368,0.0,0.0,33.6,14.3,Live,False,ORIGINAL,Pinus palustris Mill.,PIPA2,Pinus,Pinaceae,species,41,7.7,113.2
DSNY,DSNY_010,NEON.PLA.D03.DSNY.00195,2022,424.424970159186,534.81084754873,0.0,2.4111164335297985,2.411116433529831,3.298125546645383,3.298125546645368,0.0,0.0,34.0,14.0,Live,False,ORIGINAL,Pinus palustris Mill.,PIPA2,Pinus,Pinaceae,species,41,7.7,113.2
DSNY,DSNY_034,NEON.PLA.D03.DSNY.00196,2014,56.0109788524925,59.188711163937,0.0,,0.0,,0.0,,0.0,14.8,,,False,FILLED,Pinus elliottii Engelm.,PIEL,Pinus,Pinaceae,species,41,7.6,249.8
DSNY,DSNY_034,NEON.PLA.D03.DSNY.00196,2017,56.0109788524925,59.188711163937,0.0,0.0,0.0,0.0,0.0,0.0,0.0,14.8,5.3,Live,False,ORIGINAL,Pinus elliottii Engelm.,PIEL,Pinus,Pinaceae,species,41,7.6,249.8
DSNY,DSNY_034,NEON.PLA.D03.DSNY.00197,2014,66.6936935552426,71.554795195877,0.0,,0.0,,0.0,,0.0,15.9,,,False,FILLED,Pinus elliottii Engelm.,PIEL,Pinus,Pinaceae,species,41,9.3,328.3
DSNY,DSNY_034,NEON.PLA.D03.DSNY.00197,2017,66.6936935552426,71.554795195877,0.0,0.0,0.0,0.0,0.0,0.0,0.0,15.9,6.4,Live,False,ORIGINAL,Pinus elliottii Engelm.,PIEL,Pinus,Pinaceae,species,41,9.3,328.3
DSNY,DSNY_003,NEON.PLA.D03.DSNY.00201,2014,0.0,0.0,0.0,,0.0,,0.0,,0.0,56.1,,,False,FILLED,Pinus elliottii Engelm. var. densa Little & Dorman,PIELD,Pinus,Pinaceae,variety,41,9.4,87.1
DSNY,DSNY_003,NEON.PLA.D03.DSNY.00201,2017,0.0,0.0,0.0,0.0,0.0,0.0,0.0,0.0,0.0,56.1,17.5,Live,False,ORIGINAL,Pinus elliottii Engelm. var. densa Little & Dorman,PIELD,Pinus,Pinaceae,variety,41,9.4,87.1
DSNY,DSNY_003,NEON.PLA.D03.DSNY.00201,2022,0.0,0.0,0.0,0.0,0.0,0.0,0.0,0.0,0.0,56.8,17.6,"Live,  other damage",False,ORIGINAL,Pinus elliottii Engelm. var. densa Little & Dorman,PIELD,Pinus,Pinaceae,variety,41,9.4,87.1
DSNY,DSNY_002,NEON.PLA.D03.DSNY.00235,2014,54.543728532124476,57.504680165983075,0.0,,-6.122255243401727,,-6.454606957406264,,0.0,15.2,,,False,ORIGINAL,Pinus palustris Mill.,PIPA2,Pinus,Pinaceae,species,41,9.2,220.0
DSNY,DSNY_002,NEON.PLA.D03.DSNY.00235,2017,0.0,0.0,0.0,-18.181242844041492,-6.122255243401727,-19.16822672199436,-6.454606957406264,0.0,0.0,14.7,2.8,"Dead, broken bole",True,ORIGINAL,Pinus palustris Mill.,PIPA2,Pinus,Pinaceae,species,41,9.2,220.0
DSNY,DSNY_002,NEON.PLA.D03.DSNY.00235,2022,0.0,0.0,0.0,0.0,-6.122255243401727,0.0,-6.454606957406264,0.0,0.0,14.8,2.7,"Dead, broken bole",True,ORIGINAL,Pinus palustris Mill.,PIPA2,Pinus,Pinaceae,species,41,9.2,220.0
DSNY,DSNY_002,NEON.PLA.D03.DSNY.00244,2014,0.0,0.0,0.0,,0.0,,0.0,,0.0,12.0,,,False,ORIGINAL,Pinus palustris Mill.,PIPA2,Pinus,Pinaceae,species,41,6.2,95.0
DSNY,DSNY_002,NEON.PLA.D03.DSNY.00244,2017,0.0,0.0,0.0,0.0,0.0,0.0,0.0,0.0,0.0,12.0,,"Lost, fate unknown",False,ORIGINAL,Pinus palustris Mill.,PIPA2,Pinus,Pinaceae,species,41,6.2,95.0
DSNY,DSNY_002,NEON.PLA.D03.DSNY.00244,2022,0.0,0.0,0.0,0.0,0.0,0.0,0.0,0.0,0.0,12.0,,,False,FILLED,Pinus palustris Mill.,PIPA2,Pinus,Pinaceae,species,41,6.2,95.0
DSNY,DSNY_007,NEON.PLA.D03.DSNY.00629,2016,1906.8563230027066,1848.5061826577075,0.0,,-337.15948963588045,,-326.83932936119663,,0.0,50.7,,,False,FILLED,Quercus geminata Small,QUGE2,Quercus,Fagaceae,species,31,8.2,81.5
DSNY,DSNY_007,NEON.PLA.D03.DSNY.00629,2017,1888.97352410141,1831.12378544756,0.0,-17.88279890129661,-337.15948963588045,-17.382397210147474,-326.83932936119663,0.0,0.0,50.7,12.9,"Live, physically damaged",False,ORIGINAL,Quercus geminata Small,QUGE2,Quercus,Fagaceae,species,31,8.2,81.5
DSNY,DSNY_007,NEON.PLA.D03.DSNY.00629,2022,0.0,0.0,0.0,-377.794704820282,-337.15948963588045,-366.224757089512,-326.83932936119663,0.0,0.0,49.7,12.7,Standing dead,True,ORIGINAL,Quercus geminata Small,QUGE2,Quercus,Fagaceae,species,31,8.2,81.5
DSNY,DSNY_007,NEON.PLA.D03.DSNY.00629A,2016,933.7075519907339,903.3321486629029,0.0,,-105.41859457959896,,-101.98911355871485,,0.0,37.8,,,False,FILLED,Quercus geminata Small,QUGE2,Quercus,Fagaceae,species,31,,
DSNY,DSNY_007,NEON.PLA.D03.DSNY.00629A,2017,0.0,0.0,0.0,-933.7075519907339,-105.41859457959896,-903.3321486629029,-101.98911355871485,0.0,0.0,37.8,,Standing dead,True,ORIGINAL,Quercus geminata Small,QUGE2,Quercus,Fagaceae,species,31,,
DSNY,DSNY_007,NEON.PLA.D03.DSNY.00629A,2022,0.0,0.0,0.0,0.0,-105.41859457959896,0.0,-101.98911355871485,0.0,0.0,37.0,,Standing dead,True,ORIGINAL,Quercus geminata Small,QUGE2,Quercus,Fagaceae,species,31,,
DSNY,DSNY_014,NEON.PLA.D03.DSNY.01030,2014,1024.7829355170688,1393.7987530181708,0.0,,14.971605075486357,,22.286297517759902,,0.0,49.7,,,False,FILLED,Pinus palustris Mill.,PIPA2,Pinus,Pinaceae,species,41,12.0,229.2
DSNY,DSNY_014,NEON.PLA.D03.DSNY.01030,2017,1069.69775074353,1460.65764557145,0.0,14.971605075487028,14.971605075486357,22.28629751775975,22.286297517759902,0.0,0.0,49.7,15.2,Live,False,ORIGINAL,Pinus palustris Mill.,PIPA2,Pinus,Pinaceae,species,41,12.0,229.2
DSNY,DSNY_014,NEON.PLA.D03.DSNY.01030,2022,1144.55577612096,1572.08913316025,0.0,14.971605075486014,14.971605075486357,22.286297517759976,22.286297517759902,0.0,0.0,51.1,15.2,Live,False,ORIGINAL,Pinus palustris Mill.,PIPA2,Pinus,Pinaceae,species,41,12.0,229.2
DSNY,DSNY_014,NEON.PLA.D03.DSNY.01031,2014,102.905847719234,114.64699036924,0.0,,-11.550656376648716,,-12.868539735322859,,0.0,19.0,,,False,FILLED,Pinus palustris Mill.,PIPA2,Pinus,Pinaceae,species,41,5.1,189.0
DSNY,DSNY_014,NEON.PLA.D03.DSNY.01031,2017,0.0,0.0,0.0,-34.301949239744665,-11.550656376648716,-38.21566345641333,-12.868539735322859,0.0,0.0,19.0,8.7,Standing dead,True,ORIGINAL,Pinus palustris Mill.,PIPA2,Pinus,Pinaceae,species,41,5.1,189.0
DSNY,DSNY_014,NEON.PLA.D03.DSNY.01031,2022,0.0,0.0,0.0,0.0,-11.550656376648716,0.0,-12.868539735322859,0.0,0.0,19.0,,Downed,True,ORIGINAL,Pinus palustris Mill.,PIPA2,Pinus,Pinaceae,species,41,5.1,189.0
DSNY,DSNY_014,NEON.PLA.D03.DSNY.01032,2014,5.467961248574284,1.9520659355766838,0.0,,8.711688202080222,,9.941211599511233,,0.0,11.7,,,False,FILLED,Pinus palustris Mill.,PIPA2,Pinus,Pinaceae,species,41,8.7,98.3
DSNY,DSNY_014,NEON.PLA.D03.DSNY.01032,2017,31.6030258548146,31.775700734112,0.0,8.711688202080106,8.711688202080222,9.941211599511773,9.941211599511233,0.0,0.0,11.7,7.5,Live,False,ORIGINAL,Pinus palustris Mill.,PIPA2,Pinus,Pinaceae,species,41,8.7,98.3
DSNY,DSNY_014,NEON.PLA.D03.DSNY.01032,2022,75.161466865216,81.4817587316668,0.0,8.711688202080278,8.711688202080222,9.941211599510961,9.941211599511233,0.0,0.0,16.7,9.7,Live,False,ORIGINAL,Pinus palustris Mill.,PIPA2,Pinus,Pinaceae,species,41,8.7,98.3
DSNY,DSNY_018,NEON.PLA.D03.DSNY.01033,2014,48.9226603938518,0.0,0.0,,0.0,,0.0,,0.0,14.0,,,False,FILLED,Pinus sp.,PINUS,Pinus,Pinaceae,genus,41,7.9,191.0
DSNY,DSNY_018,NEON.PLA.D03.DSNY.01033,2017,48.9226603938518,0.0,0.0,0.0,0.0,0.0,0.0,0.0,0.0,14.0,4.4,"Dead, broken bole",False,ORIGINAL,Pinus sp.,PINUS,Pinus,Pinaceae,genus,41,7.9,191.0
DSNY,DSNY_018,NEON.PLA.D03.DSNY.01033,2022,48.9226603938518,0.0,0.0,0.0,0.0,0.0,0.0,0.0,0.0,14.0,,,False,FILLED,Pinus sp.,PINUS,Pinus,Pinaceae,genus,41,7.9,191.0
DSNY,DSNY_018,NEON.PLA.D03.DSNY.01042,2014,59.7687074543285,63.5170484766074,0.0,,0.0,,4.9456748996713234e-29,,0.0,15.2,,,False,FILLED,Pinus elliottii Engelm.,PIEL,Pinus,Pinaceae,species,49,7.5,157.2
DSNY,DSNY_018,NEON.PLA.D03.DSNY.01042,2017,59.7687074543285,63.5170484766074,0.0,0.0,0.0,0.0,4.9456748996713234e-29,0.0,0.0,15.2,2.7,"Dead, broken bole",False,ORIGINAL,Pinus elliottii Engelm.,PIEL,Pinus,Pinaceae,species,49,7.5,157.2
DSNY,DSNY_018,NEON.PLA.D03.DSNY.01042,2022,59.7687074543285,63.5170484766074,0.0,0.0,0.0,0.0,4.9456748996713234e-29,0.0,0.0,15.2,,,False,FILLED,Pinus elliottii Engelm.,PIEL,Pinus,Pinaceae,species,49,7.5,157.2
DSNY,DSNY_018,NEON.PLA.D03.DSNY.01043,2014,552.880819944238,712.869317457351,0.0,,0.0,,0.0,,0.0,37.9,,,False,FILLED,Pinus palustris Mill.,PIPA2,Pinus,Pinaceae,species,41,10.1,312.7
DSNY,DSNY_018,NEON.PLA.D03.DSNY.01043,2017,552.880819944238,712.869317457351,0.0,0.0,0.0,0.0,0.0,0.0,0.0,37.9,15.3,Live,False,ORIGINAL,Pinus palustris Mill.,PIPA2,Pinus,Pinaceae,species,41,10.1,312.7
DSNY,DSNY_018,NEON.PLA.D03.DSNY.01043,2022,552.880819944238,712.869317457351,0.0,0.0,0.0,0.0,0.0,0.0,0.0,37.9,,,False,FILLED,Pinus palustris Mill.,PIPA2,Pinus,Pinaceae,species,41,10.1,312.7
DSNY,DSNY_013,NEON.PLA.D03.DSNY.01058,2014,54.185823774936,57.0953955891457,0.0,,0.0,,0.0,,0.0,14.6,,,False,FILLED,Pinus palustris Mill.,PIPA2,Pinus,Pinaceae,species,41,10.7,332.6
DSNY,DSNY_013,NEON.PLA.D03.DSNY.01058,2016,54.185823774936,57.0953955891457,0.0,0.0,0.0,0.0,0.0,0.0,0.0,14.6,,,False,FILLED,Pinus palustris Mill.,PIPA2,Pinus,Pinaceae,species,41,10.7,332.6
DSNY,DSNY_013,NEON.PLA.D03.DSNY.01058,2017,54.185823774936,57.0953955891457,0.0,0.0,0.0,0.0,0.0,0.0,0.0,14.6,10.4,Live,False,ORIGINAL,Pinus palustris Mill.,PIPA2,Pinus,Pinaceae,species,41,10.7,332.6
DSNY,DSNY_013,NEON.PLA.D03.DSNY.01058,2022,54.185823774936,57.0953955891457,0.0,0.0,0.0,0.0,0.0,0.0,0.0,14.6,,,False,FILLED,Pinus palustris Mill.,PIPA2,Pinus,Pinaceae,species,41,10.7,332.6
DSNY,DSNY_013,NEON.PLA.D03.DSNY.01059,2014,59.7687074543285,63.5170484766074,0.0,,0.0,,0.0,,0.0,15.2,,,False,FILLED,Pinus palustris Mill.,PIPA2,Pinus,Pinaceae,species,41,8.1,333.3
DSNY,DSNY_013,NEON.PLA.D03.DSNY.01059,2016,59.7687074543285,63.5170484766074,0.0,0.0,0.0,0.0,0.0,0.0,0.0,15.2,,,False,FILLED,Pinus palustris Mill.,PIPA2,Pinus,Pinaceae,species,41,8.1,333.3
DSNY,DSNY_013,NEON.PLA.D03.DSNY.01059,2017,59.7687074543285,63.5170484766074,0.0,0.0,0.0,0.0,0.0,0.0,0.0,15.2,26.8,"Live, disease damaged",False,ORIGINAL,Pinus palustris Mill.,PIPA2,Pinus,Pinaceae,species,41,8.1,333.3
DSNY,DSNY_013,NEON.PLA.D03.DSNY.01059,2022,59.7687074543285,63.5170484766074,0.0,0.0,0.0,0.0,0.0,0.0,0.0,15.2,,,False,FILLED,Pinus palustris Mill.,PIPA2,Pinus,Pinaceae,species,41,8.1,333.3
DSNY,DSNY_013,NEON.PLA.D03.DSNY.01060,2014,60.7306705817967,64.6289537186687,0.0,,0.0,,0.0,,0.0,15.3,,,False,FILLED,Pinus palustris Mill.,PIPA2,Pinus,Pinaceae,species,41,7.6,334.0
DSNY,DSNY_013,NEON.PLA.D03.DSNY.01060,2016,60.7306705817967,64.6289537186687,0.0,0.0,0.0,0.0,0.0,0.0,0.0,15.3,,,False,FILLED,Pinus palustris Mill.,PIPA2,Pinus,Pinaceae,species,41,7.6,334.0
DSNY,DSNY_013,NEON.PLA.D03.DSNY.01060,2017,60.7306705817967,64.6289537186687,0.0,0.0,0.0,0.0,0.0,0.0,0.0,15.3,11.8,"Live, disease damaged",False,ORIGINAL,Pinus palustris Mill.,PIPA2,Pinus,Pinaceae,species,41,7.6,334.0
DSNY,DSNY_013,NEON.PLA.D03.DSNY.01060,2022,60.7306705817967,64.6289537186687,0.0,0.0,0.0,0.0,0.0,0.0,0.0,15.3,,,False,FILLED,Pinus palustris Mill.,PIPA2,Pinus,Pinaceae,species,41,7.6,334.0
DSNY,DSNY_013,NEON.PLA.D03.DSNY.01067,2014,280.930920396051,341.527511114671,0.0,,0.0,,0.0,,0.0,28.7,,,False,FILLED,Pinus elliottii Engelm.,PIEL,Pinus,Pinaceae,species,41,5.1,348.7
DSNY,DSNY_013,NEON.PLA.D03.DSNY.01067,2016,280.930920396051,341.527511114671,0.0,0.0,0.0,0.0,0.0,0.0,0.0,28.7,,,False,FILLED,Pinus elliottii Engelm.,PIEL,Pinus,Pinaceae,species,41,5.1,348.7
DSNY,DSNY_013,NEON.PLA.D03.DSNY.01067,2017,280.930920396051,341.527511114671,0.0,0.0,0.0,0.0,0.0,0.0,0.0,28.7,12.2,Live,False,ORIGINAL,Pinus elliottii Engelm.,PIEL,Pinus,Pinaceae,species,41,5.1,348.7
DSNY,DSNY_013,NEON.PLA.D03.DSNY.01067,2022,280.930920396051,341.527511114671,0.0,0.0,0.0,0.0,0.0,0.0,0.0,28.7,,,False,FILLED,Pinus elliottii Engelm.,PIEL,Pinus,Pinaceae,species,41,5.1,348.7
DSNY,DSNY_013,NEON.PLA.D03.DSNY.01078,2014,56.0109788524925,59.188711163937,0.0,,0.0,,0.0,,0.0,14.8,,,False,FILLED,Pinus palustris Mill.,PIPA2,Pinus,Pinaceae,species,41,5.3,28.5
DSNY,DSNY_013,NEON.PLA.D03.DSNY.01078,2016,56.0109788524925,59.188711163937,0.0,0.0,0.0,0.0,0.0,0.0,0.0,14.8,,,False,FILLED,Pinus palustris Mill.,PIPA2,Pinus,Pinaceae,species,41,5.3,28.5
DSNY,DSNY_013,NEON.PLA.D03.DSNY.01078,2017,56.0109788524925,59.188711163937,0.0,0.0,0.0,0.0,0.0,0.0,0.0,14.8,12.1,Live,False,ORIGINAL,Pinus palustris Mill.,PIPA2,Pinus,Pinaceae,species,41,5.3,28.5
DSNY,DSNY_013,NEON.PLA.D03.DSNY.01078,2022,56.0109788524925,59.188711163937,0.0,0.0,0.0,0.0,0.0,0.0,0.0,14.8,,,False,FILLED,Pinus palustris Mill.,PIPA2,Pinus,Pinaceae,species,41,5.3,28.5
DSNY,DSNY_013,NEON.PLA.D03.DSNY.01079,2014,63.6710477043124,68.0370544114098,0.0,,0.0,,0.0,,0.0,15.6,,,False,FILLED,Pinus palustris Mill.,PIPA2,Pinus,Pinaceae,species,41,4.8,41.6
DSNY,DSNY_013,NEON.PLA.D03.DSNY.01079,2016,63.6710477043124,68.0370544114098,0.0,0.0,0.0,0.0,0.0,0.0,0.0,15.6,,,False,FILLED,Pinus palustris Mill.,PIPA2,Pinus,Pinaceae,species,41,4.8,41.6
DSNY,DSNY_013,NEON.PLA.D03.DSNY.01079,2017,63.6710477043124,68.0370544114098,0.0,0.0,0.0,0.0,0.0,0.0,0.0,15.6,11.3,Live,False,ORIGINAL,Pinus palustris Mill.,PIPA2,Pinus,Pinaceae,species,41,4.8,41.6
DSNY,DSNY_013,NEON.PLA.D03.DSNY.01079,2022,63.6710477043124,68.0370544114098,0.0,0.0,0.0,0.0,0.0,0.0,0.0,15.6,,,False,FILLED,Pinus palustris Mill.,PIPA2,Pinus,Pinaceae,species,41,4.8,41.6
DSNY,DSNY_013,NEON.PLA.D03.DSNY.01080,2014,43.17867112526,44.6081919973523,0.0,,0.0,,0.0,,0.0,13.3,,,False,FILLED,Pinus palustris Mill.,PIPA2,Pinus,Pinaceae,species,41,6.0,25.6
DSNY,DSNY_013,NEON.PLA.D03.DSNY.01080,2016,43.17867112526,44.6081919973523,0.0,0.0,0.0,0.0,0.0,0.0,0.0,13.3,,,False,FILLED,Pinus palustris Mill.,PIPA2,Pinus,Pinaceae,species,41,6.0,25.6
DSNY,DSNY_013,NEON.PLA.D03.DSNY.01080,2017,43.17867112526,44.6081919973523,0.0,0.0,0.0,0.0,0.0,0.0,0.0,13.3,11.7,Live,False,ORIGINAL,Pinus palustris Mill.,PIPA2,Pinus,Pinaceae,species,41,6.0,25.6
DSNY,DSNY_013,NEON.PLA.D03.DSNY.01080,2022,43.17867112526,44.6081919973523,0.0,0.0,0.0,0.0,0.0,0.0,0.0,13.3,,,False,FILLED,Pinus palustris Mill.,PIPA2,Pinus,Pinaceae,species,41,6.0,25.6
DSNY,DSNY_013,NEON.PLA.D03.DSNY.01084,2014,76.2620511232829,82.779398734736,0.0,,0.0,,0.0,,0.0,16.8,,,False,FILLED,Pinus palustris Mill.,PIPA2,Pinus,Pinaceae,species,41,9.1,20.0
DSNY,DSNY_013,NEON.PLA.D03.DSNY.01084,2016,76.2620511232829,82.779398734736,0.0,0.0,0.0,0.0,0.0,0.0,0.0,16.8,,,False,FILLED,Pinus palustris Mill.,PIPA2,Pinus,Pinaceae,species,41,9.1,20.0
DSNY,DSNY_013,NEON.PLA.D03.DSNY.01084,2017,76.2620511232829,82.779398734736,0.0,0.0,0.0,0.0,0.0,0.0,0.0,16.8,11.9,Live,False,ORIGINAL,Pinus palustris Mill.,PIPA2,Pinus,Pinaceae,species,41,9.1,20.0
DSNY,DSNY_013,NEON.PLA.D03.DSNY.01084,2022,76.2620511232829,82.779398734736,0.0,0.0,0.0,0.0,0.0,0.0,0.0,16.8,,,False,FILLED,Pinus palustris Mill.,PIPA2,Pinus,Pinaceae,species,41,9.1,20.0
DSNY,DSNY_013,NEON.PLA.D03.DSNY.01089,2014,17.6940084916066,16.9161542292002,0.0,,0.0,,0.0,,0.0,10.0,,,False,FILLED,Pinus palustris Mill.,PIPA2,Pinus,Pinaceae,species,51,5.8,241.6
DSNY,DSNY_013,NEON.PLA.D03.DSNY.01089,2016,17.6940084916066,16.9161542292002,0.0,0.0,0.0,0.0,0.0,0.0,0.0,10.0,,,False,FILLED,Pinus palustris Mill.,PIPA2,Pinus,Pinaceae,species,51,5.8,241.6
DSNY,DSNY_013,NEON.PLA.D03.DSNY.01089,2017,17.6940084916066,16.9161542292002,0.0,0.0,0.0,0.0,0.0,0.0,0.0,10.0,8.4,Live,False,ORIGINAL,Pinus palustris Mill.,PIPA2,Pinus,Pinaceae,species,51,5.8,241.6
DSNY,DSNY_013,NEON.PLA.D03.DSNY.01089,2022,17.6940084916066,16.9161542292002,0.0,0.0,0.0,0.0,0.0,0.0,0.0,10.0,,,False,FILLED,Pinus palustris Mill.,PIPA2,Pinus,Pinaceae,species,51,5.8,241.6
DSNY,DSNY_013,NEON.PLA.D03.DSNY.01091,2014,26.0067698244773,25.7097126331641,0.0,,0.0,,0.0,,0.0,10.8,,,False,FILLED,Pinus palustris Mill.,PIPA2,Pinus,Pinaceae,species,51,7.6,226.6
DSNY,DSNY_013,NEON.PLA.D03.DSNY.01091,2016,26.0067698244773,25.7097126331641,0.0,0.0,0.0,0.0,0.0,0.0,0.0,10.8,,,False,FILLED,Pinus palustris Mill.,PIPA2,Pinus,Pinaceae,species,51,7.6,226.6
DSNY,DSNY_013,NEON.PLA.D03.DSNY.01091,2017,26.0067698244773,25.7097126331641,0.0,0.0,0.0,0.0,0.0,0.0,0.0,10.8,11.1,"Live, disease damaged",False,ORIGINAL,Pinus palustris Mill.,PIPA2,Pinus,Pinaceae,species,51,7.6,226.6
DSNY,DSNY_013,NEON.PLA.D03.DSNY.01091,2022,26.0067698244773,25.7097126331641,0.0,0.0,0.0,0.0,0.0,0.0,0.0,10.8,,,False,FILLED,Pinus palustris Mill.,PIPA2,Pinus,Pinaceae,species,51,7.6,226.6
DSNY,DSNY_013,NEON.PLA.D03.DSNY.01092,2014,54.185823774936,57.0953955891457,0.0,,0.0,,0.0,,0.0,14.6,,,False,FILLED,Pinus palustris Mill.,PIPA2,Pinus,Pinaceae,species,41,6.0,49.0
DSNY,DSNY_013,NEON.PLA.D03.DSNY.01092,2016,54.185823774936,57.0953955891457,0.0,0.0,0.0,0.0,0.0,0.0,0.0,14.6,,,False,FILLED,Pinus palustris Mill.,PIPA2,Pinus,Pinaceae,species,41,6.0,49.0
DSNY,DSNY_013,NEON.PLA.D03.DSNY.01092,2017,54.185823774936,57.0953955891457,0.0,0.0,0.0,0.0,0.0,0.0,0.0,14.6,11.4,"Live, disease damaged",False,ORIGINAL,Pinus palustris Mill.,PIPA2,Pinus,Pinaceae,species,41,6.0,49.0
DSNY,DSNY_013,NEON.PLA.D03.DSNY.01092,2022,54.185823774936,57.0953955891457,0.0,0.0,0.0,0.0,0.0,0.0,0.0,14.6,,,False,FILLED,Pinus palustris Mill.,PIPA2,Pinus,Pinaceae,species,41,6.0,49.0
DSNY,DSNY_013,NEON.PLA.D03.DSNY.01093,2014,27.1950562083655,26.9890125195769,0.0,,0.0,,0.0,,0.0,11.0,,,False,FILLED,Pinus palustris Mill.,PIPA2,Pinus,Pinaceae,species,41,5.4,63.8
DSNY,DSNY_013,NEON.PLA.D03.DSNY.01093,2016,27.1950562083655,26.9890125195769,0.0,0.0,0.0,0.0,0.0,0.0,0.0,11.0,,,False,FILLED,Pinus palustris Mill.,PIPA2,Pinus,Pinaceae,species,41,5.4,63.8
DSNY,DSNY_013,NEON.PLA.D03.DSNY.01093,2017,27.1950562083655,26.9890125195769,0.0,0.0,0.0,0.0,0.0,0.0,0.0,11.0,8.6,Live,False,ORIGINAL,Pinus palustris Mill.,PIPA2,Pinus,Pinaceae,species,41,5.4,63.8
DSNY,DSNY_013,NEON.PLA.D03.DSNY.01093,2022,27.1950562083655,26.9890125195769,0.0,0.0,0.0,0.0,0.0,0.0,0.0,11.0,,,False,FILLED,Pinus palustris Mill.,PIPA2,Pinus,Pinaceae,species,41,5.4,63.8
DSNY,DSNY_013,NEON.PLA.D03.DSNY.01096,2014,34.9929425206524,35.4970731384359,0.0,,0.0,,0.0,,0.0,12.2,,,False,FILLED,Pinus palustris Mill.,PIPA2,Pinus,Pinaceae,species,41,4.7,74.8
DSNY,DSNY_013,NEON.PLA.D03.DSNY.01096,2016,34.9929425206524,35.4970731384359,0.0,0.0,0.0,0.0,0.0,0.0,0.0,12.2,,,False,FILLED,Pinus palustris Mill.,PIPA2,Pinus,Pinaceae,species,41,4.7,74.8
DSNY,DSNY_013,NEON.PLA.D03.DSNY.01096,2017,34.9929425206524,35.4970731384359,0.0,0.0,0.0,0.0,0.0,0.0,0.0,12.2,8.1,"Live, disease damaged",False,ORIGINAL,Pinus palustris Mill.,PIPA2,Pinus,Pinaceae,species,41,4.7,74.8
DSNY,DSNY_013,NEON.PLA.D03.DSNY.01096,2022,34.9929425206524,35.4970731384359,0.0,0.0,0.0,0.0,0.0,0.0,0.0,12.2,,,False,FILLED,Pinus palustris Mill.,PIPA2,Pinus,Pinaceae,species,41,4.7,74.8
DSNY,DSNY_011,NEON.PLA.D03.DSNY.01102,2014,2963.0936696058,2875.96371548008,0.0,,0.0,,0.0,,0.0,61.0,,,False,FILLED,Quercus virginiana Mill.,QUVI,Quercus,Fagaceae,species,49,13.4,180.9
DSNY,DSNY_011,NEON.PLA.D03.DSNY.01102,2017,2963.0936696058,2875.96371548008,0.0,0.0,0.0,0.0,0.0,0.0,0.0,61.0,13.1,Live,False,ORIGINAL,Quercus virginiana Mill.,QUVI,Quercus,Fagaceae,species,49,13.4,180.9
DSNY,DSNY_011,NEON.PLA.D03.DSNY.01102,2022,2963.0936696058,2875.96371548008,0.0,0.0,0.0,0.0,0.0,0.0,0.0,61.0,,,False,FILLED,Quercus virginiana Mill.,QUVI,Quercus,Fagaceae,species,49,13.4,180.9
DSNY,DSNY_011,NEON.PLA.D03.DSNY.01103,2014,678.936644233985,656.26561377628,0.0,,0.0,,0.0,,0.0,33.3,,,False,FILLED,Quercus nigra L.,QUNI,Quercus,Fagaceae,species,31,18.3,12.3
DSNY,DSNY_011,NEON.PLA.D03.DSNY.01103,2017,678.936644233985,656.26561377628,0.0,0.0,0.0,0.0,0.0,0.0,0.0,33.3,11.1,Live,False,ORIGINAL,Quercus nigra L.,QUNI,Quercus,Fagaceae,species,31,18.3,12.3
DSNY,DSNY_011,NEON.PLA.D03.DSNY.01103,2022,678.936644233985,656.26561377628,0.0,0.0,0.0,0.0,0.0,0.0,0.0,33.3,,,False,FILLED,Quercus nigra L.,QUNI,Quercus,Fagaceae,species,31,18.3,12.3
DSNY,DSNY_011,NEON.PLA.D03.DSNY.01105A,2014,61.3059409130086,58.8620805516609,0.0,,-4.9456748996713234e-29,,0.0,,0.0,12.4,,,False,FILLED,Quercus nigra L.,QUNI,Quercus,Fagaceae,species,41,2.8,347.2
DSNY,DSNY_011,NEON.PLA.D03.DSNY.01105A,2017,61.3059409130086,58.8620805516609,0.0,0.0,-4.9456748996713234e-29,0.0,0.0,0.0,0.0,12.4,5.6,"Live, physically damaged",False,ORIGINAL,Quercus nigra L.,QUNI,Quercus,Fagaceae,species,41,2.8,347.2
DSNY,DSNY_011,NEON.PLA.D03.DSNY.01105A,2022,61.3059409130086,58.8620805516609,0.0,0.0,-4.9456748996713234e-29,0.0,0.0,0.0,0.0,12.4,,,False,FILLED,Quercus nigra L.,QUNI,Quercus,Fagaceae,species,41,2.8,347.2
DSNY,DSNY_011,NEON.PLA.D03.DSNY.01108,2017,8.32472368251384,7.94841466677365,0.0,,0.0,,0.0,,0.0,28.9,5.9,"Live, broken bole",False,ORIGINAL,Quercus nigra L.,QUNI,Quercus,Fagaceae,species,41,8.6,40.6
DSNY,DSNY_011,NEON.PLA.D03.DSNY.01108,2022,8.32472368251384,7.94841466677365,0.0,0.0,0.0,0.0,0.0,0.0,0.0,28.9,,,False,FILLED,Quercus nigra L.,QUNI,Quercus,Fagaceae,species,41,8.6,40.6
DSNY,DSNY_011,NEON.PLA.D03.DSNY.01109,2014,793.343656077341,767.186028296488,0.0,,0.0,,0.0,,0.0,35.5,,,False,FILLED,Quercus nigra L.,QUNI,Quercus,Fagaceae,species,41,7.5,108.6
DSNY,DSNY_011,NEON.PLA.D03.DSNY.01109,2017,793.343656077341,767.186028296488,0.0,0.0,0.0,0.0,0.0,0.0,0.0,35.5,11.6,Live,False,ORIGINAL,Quercus nigra L.,QUNI,Quercus,Fagaceae,species,41,7.5,108.6
DSNY,DSNY_011,NEON.PLA.D03.DSNY.01109,2022,793.343656077341,767.186028296488,0.0,0.0,0.0,0.0,0.0,0.0,0.0,35.5,,,False,FILLED,Quercus nigra L.,QUNI,Quercus,Fagaceae,species,41,7.5,108.6
DSNY,DSNY_011,NEON.PLA.D03.DSNY.01110A,2014,341.178196464547,329.152250902714,0.0,,0.0,,0.0,,0.0,25.1,,,False,FILLED,Quercus nigra L.,QUNI,Quercus,Fagaceae,species,41,9.8,75.7
DSNY,DSNY_011,NEON.PLA.D03.DSNY.01110A,2017,341.178196464547,329.152250902714,0.0,0.0,0.0,0.0,0.0,0.0,0.0,25.1,5.9,"Live, broken bole",False,ORIGINAL,Quercus nigra L.,QUNI,Quercus,Fagaceae,species,41,9.8,75.7
DSNY,DSNY_011,NEON.PLA.D03.DSNY.01110A,2022,341.178196464547,329.152250902714,0.0,0.0,0.0,0.0,0.0,0.0,0.0,25.1,,,False,FILLED,Quercus nigra L.,QUNI,Quercus,Fagaceae,species,41,9.8,75.7
DSNY,DSNY_011,NEON.PLA.D03.DSNY.01111,2014,261.443700450106,252.040772430356,0.0,,0.0,,0.0,,0.0,22.5,,,False,FILLED,Quercus nigra L.,QUNI,Quercus,Fagaceae,species,41,11.5,133.4
DSNY,DSNY_011,NEON.PLA.D03.DSNY.01111,2017,261.443700450106,252.040772430356,0.0,0.0,0.0,0.0,0.0,0.0,0.0,22.5,2.2,"Dead, broken bole",False,ORIGINAL,Quercus nigra L.,QUNI,Quercus,Fagaceae,species,41,11.5,133.4
DSNY,DSNY_011,NEON.PLA.D03.DSNY.01111,2022,261.443700450106,252.040772430356,0.0,0.0,0.0,0.0,0.0,0.0,0.0,22.5,,,False,FILLED,Quercus nigra L.,QUNI,Quercus,Fagaceae,species,41,11.5,133.4
DSNY,DSNY_011,NEON.PLA.D03.DSNY.01115,2014,328.094099399852,316.494770237149,0.0,,0.0,,0.0,,0.0,24.7,,,False,FILLED,Quercus nigra L.,QUNI,Quercus,Fagaceae,species,41,12.0,13.2
DSNY,DSNY_011,NEON.PLA.D03.DSNY.01115,2017,328.094099399852,316.494770237149,0.0,0.0,0.0,0.0,0.0,0.0,0.0,24.7,4.6,"Live, broken bole",False,ORIGINAL,Quercus nigra L.,QUNI,Quercus,Fagaceae,species,41,12.0,13.2
DSNY,DSNY_011,NEON.PLA.D03.DSNY.01115,2022,328.094099399852,316.494770237149,0.0,0.0,0.0,0.0,0.0,0.0,0.0,24.7,,,False,FILLED,Quercus nigra L.,QUNI,Quercus,Fagaceae,species,41,12.0,13.2
DSNY,DSNY_008,NEON.PLA.D03.DSNY.01117,2022,24.8496435238307,24.4688312551712,0.0,,,,,,,10.6,7.8,Live,False,ORIGINAL,Pinus palustris Mill.,PIPA2,Pinus,Pinaceae,species,41,0.9,62.3
DSNY,DSNY_008,NEON.PLA.D03.DSNY.01118,2014,86.86815286438741,95.23482617240279,0.0,,3.189294582996449,,3.866534239214024,,0.0,18.5,,,False,FILLED,Pinus palustris Mill.,PIPA2,Pinus,Pinaceae,species,41,3.1,36.0
DSNY,DSNY_008,NEON.PLA.D03.DSNY.01118,2017,96.4360366133767,106.834428890045,0.0,3.1892945829964297,3.189294582996449,3.866534239214071,3.866534239214024,0.0,0.0,18.5,10.9,"Live, disease damaged",False,ORIGINAL,Pinus palustris Mill.,PIPA2,Pinus,Pinaceae,species,41,3.1,36.0
DSNY,DSNY_008,NEON.PLA.D03.DSNY.01118,2022,112.382509528359,126.167100086115,0.0,3.189294582996459,3.189294582996449,3.866534239213999,3.866534239214024,0.0,0.0,19.7,11.7,"Live, disease damaged",False,ORIGINAL,Pinus palustris Mill.,PIPA2,Pinus,Pinaceae,species,41,3.1,36.0
DSNY,DSNY_008,NEON.PLA.D03.DSNY.01119,2014,110.02336082163674,122.92810011353868,0.0,,6.085189455544273,,7.583512298799927,,0.0,20.8,,,False,FILLED,Pinus palustris Mill.,PIPA2,Pinus,Pinaceae,species,41,2.7,80.3
DSNY,DSNY_008,NEON.PLA.D03.DSNY.01119,2017,128.27892918827,145.678637009938,0.0,6.085189455544423,6.085189455544273,7.583512298799775,7.583512298799927,0.0,0.0,20.8,10.9,Live,False,ORIGINAL,Pinus palustris Mill.,PIPA2,Pinus,Pinaceae,species,41,2.7,80.3
DSNY,DSNY_008,NEON.PLA.D03.DSNY.01119,2022,158.704876465991,183.596198503938,0.0,6.085189455544196,6.085189455544273,7.583512298800002,7.583512298799927,0.0,0.0,22.7,12.0,Live,False,ORIGINAL,Pinus palustris Mill.,PIPA2,Pinus,Pinaceae,species,41,2.7,80.3
DSNY,DSNY_008,NEON.PLA.D03.DSNY.01120,2014,0.0,0.0,0.0,,0.0,,0.0,,0.0,26.8,,,False,FILLED,Pinus elliottii Engelm. var. densa Little & Dorman,PIELD,Pinus,Pinaceae,variety,41,1.1,252.2
DSNY,DSNY_008,NEON.PLA.D03.DSNY.01120,2017,0.0,0.0,0.0,0.0,0.0,0.0,0.0,0.0,0.0,26.8,14.5,Live,False,ORIGINAL,Pinus elliottii Engelm. var. densa Little & Dorman,PIELD,Pinus,Pinaceae,variety,41,1.1,252.2
DSNY,DSNY_008,NEON.PLA.D03.DSNY.01120,2022,0.0,0.0,0.0,0.0,0.0,0.0,0.0,0.0,0.0,28.3,15.8,Live,False,ORIGINAL,Pinus elliottii Engelm. var. densa Little & Dorman,PIELD,Pinus,Pinaceae,variety,41,1.1,252.2
DSNY,DSNY_008,NEON.PLA.D03.DSNY.01121,2014,83.16621256346934,90.74944686570416,0.0,,4.001829290625586,,4.854488420161984,,0.0,18.4,,,False,FILLED,Pinus palustris Mill.,PIPA2,Pinus,Pinaceae,species,31,9.5,30.1
DSNY,DSNY_008,NEON.PLA.D03.DSNY.01121,2017,95.1717004353459,105.31291212619,0.0,4.001829290625518,4.001829290625586,4.854488420161947,4.854488420161984,0.0,0.0,18.4,10.3,Live,False,ORIGINAL,Pinus palustris Mill.,PIPA2,Pinus,Pinaceae,species,31,9.5,30.1
DSNY,DSNY_008,NEON.PLA.D03.DSNY.01121,2022,115.180846888474,129.585354227,0.0,4.001829290625619,4.001829290625586,4.854488420162002,4.854488420161984,0.0,0.0,19.9,11.3,Live,False,ORIGINAL,Pinus palustris Mill.,PIPA2,Pinus,Pinaceae,species,31,9.5,30.1
DSNY,DSNY_008,NEON.PLA.D03.DSNY.01123,2014,58.659893020258096,62.13802649176159,0.0,,2.3390228504953474,,2.7439740535271433,,0.0,15.8,,,False,FILLED,Pinus palustris Mill.,PIPA2,Pinus,Pinaceae,species,31,11.9,31.5
DSNY,DSNY_008,NEON.PLA.D03.DSNY.01123,2017,65.6769615717443,70.3699486523434,0.0,2.3390228504954016,2.3390228504953474,2.7439740535272676,2.7439740535271433,0.0,0.0,15.8,11.1,Live,False,ORIGINAL,Pinus palustris Mill.,PIPA2,Pinus,Pinaceae,species,31,11.9,31.5
DSNY,DSNY_008,NEON.PLA.D03.DSNY.01123,2022,77.3720758242209,84.0898189199788,0.0,2.33902285049532,2.3390228504953474,2.7439740535270802,2.7439740535271433,0.0,0.0,16.9,12.1,Live,False,ORIGINAL,Pinus palustris Mill.,PIPA2,Pinus,Pinaceae,species,31,11.9,31.5
DSNY,DSNY_019,NEON.PLA.D03.DSNY.01279,2014,24.2826866693524,23.862653413252,0.0,,0.0,,0.0,,0.0,10.5,,,False,FILLED,Pinus palustris Mill.,PIPA2,Pinus,Pinaceae,species,41,7.8,26.6
DSNY,DSNY_019,NEON.PLA.D03.DSNY.01279,2017,24.2826866693524,23.862653413252,0.0,0.0,0.0,0.0,0.0,0.0,0.0,10.5,6.4,Live,False,ORIGINAL,Pinus palustris Mill.,PIPA2,Pinus,Pinaceae,species,41,7.8,26.6
DSNY,DSNY_019,NEON.PLA.D03.DSNY.01279,2022,24.2826866693524,23.862653413252,0.0,0.0,0.0,0.0,0.0,0.0,0.0,10.5,,,False,FILLED,Pinus palustris Mill.,PIPA2,Pinus,Pinaceae,species,41,7.8,26.6
DSNY,DSNY_019,NEON.PLA.D03.DSNY.01280,2014,22.0914908181108,21.5316726840685,0.0,,0.0,,0.0,,0.0,10.1,,,False,FILLED,Pinus palustris Mill.,PIPA2,Pinus,Pinaceae,species,41,11.7,52.3
DSNY,DSNY_019,NEON.PLA.D03.DSNY.01280,2017,22.0914908181108,21.5316726840685,0.0,0.0,0.0,0.0,0.0,0.0,0.0,10.1,5.8,Live,False,ORIGINAL,Pinus palustris Mill.,PIPA2,Pinus,Pinaceae,species,41,11.7,52.3
DSNY,DSNY_019,NEON.PLA.D03.DSNY.01280,2022,22.0914908181108,21.5316726840685,0.0,0.0,0.0,0.0,0.0,0.0,0.0,10.1,,,False,FILLED,Pinus palustris Mill.,PIPA2,Pinus,Pinaceae,species,41,11.7,52.3
DSNY,DSNY_011,NEON.PLA.D03.DSNY.02260,2014,221.025154853372,212.975954674072,0.0,,0.0,,0.0,,0.0,21.0,,,False,FILLED,Quercus nigra L.,QUNI,Quercus,Fagaceae,species,33,6.7,1.6
DSNY,DSNY_011,NEON.PLA.D03.DSNY.02260,2017,221.025154853372,212.975954674072,0.0,0.0,0.0,0.0,0.0,0.0,0.0,21.0,4.8,"Live, broken bole",False,ORIGINAL,Quercus nigra L.,QUNI,Quercus,Fagaceae,species,33,6.7,1.6
DSNY,DSNY_011,NEON.PLA.D03.DSNY.02260,2022,221.025154853372,212.975954674072,0.0,0.0,0.0,0.0,0.0,0.0,0.0,21.0,,,False,FILLED,Quercus nigra L.,QUNI,Quercus,Fagaceae,species,33,6.7,1.6
DSNY,DSNY_019,NEON.PLA.D03.DSNY.02321,2014,26.0067698244773,25.7097126331641,0.0,,0.0,,0.0,,0.0,10.8,,,False,FILLED,Pinus palustris Mill.,PIPA2,Pinus,Pinaceae,species,41,6.1,318.4
DSNY,DSNY_019,NEON.PLA.D03.DSNY.02321,2017,26.0067698244773,25.7097126331641,0.0,0.0,0.0,0.0,0.0,0.0,0.0,10.8,5.9,Live,False,ORIGINAL,Pinus palustris Mill.,PIPA2,Pinus,Pinaceae,species,41,6.1,318.4
DSNY,DSNY_019,NEON.PLA.D03.DSNY.02321,2022,26.0067698244773,25.7097126331641,0.0,0.0,0.0,0.0,0.0,0.0,0.0,10.8,,,False,FILLED,Pinus palustris Mill.,PIPA2,Pinus,Pinaceae,species,41,6.1,318.4
DSNY,DSNY_018,NEON.PLA.D03.DSNY.02361,2014,92.6724691169425,102.310494040749,0.0,,9.891349799342647e-29,,0.0,,0.0,18.2,,,False,FILLED,Pinus palustris Mill.,PIPA2,Pinus,Pinaceae,species,41,9.5,67.7
DSNY,DSNY_018,NEON.PLA.D03.DSNY.02361,2017,92.6724691169425,102.310494040749,0.0,0.0,9.891349799342647e-29,0.0,0.0,0.0,0.0,18.2,12.9,Live,False,ORIGINAL,Pinus palustris Mill.,PIPA2,Pinus,Pinaceae,species,41,9.5,67.7
DSNY,DSNY_018,NEON.PLA.D03.DSNY.02361,2022,92.6724691169425,102.310494040749,0.0,0.0,9.891349799342647e-29,0.0,0.0,0.0,0.0,18.2,,,False,FILLED,Pinus palustris Mill.,PIPA2,Pinus,Pinaceae,species,41,9.5,67.7
DSNY,DSNY_002,NEON.PLA.D03.DSNY.02785,2014,33.14296754279235,33.45252168302136,0.0,,-3.7201290099052637,,-3.7548748827881115,,0.0,11.7,,,False,FILLED,Pinus elliottii Engelm.,PIEL,Pinus,Pinaceae,species,33,9.8,335.0
DSNY,DSNY_002,NEON.PLA.D03.DSNY.02785,2017,0.0,0.0,0.0,-11.047655847597449,-3.7201290099052637,-11.15084056100712,-3.7548748827881115,0.0,0.0,11.7,2.6,Standing dead,True,ORIGINAL,Pinus elliottii Engelm.,PIEL,Pinus,Pinaceae,species,33,9.8,335.0
DSNY,DSNY_002,NEON.PLA.D03.DSNY.02785,2022,0.0,0.0,0.0,0.0,-3.7201290099052637,0.0,-3.7548748827881115,0.0,0.0,11.3,2.6,"Dead, broken bole",True,ORIGINAL,Pinus elliottii Engelm.,PIEL,Pinus,Pinaceae,species,33,9.8,335.0
DSNY,DSNY_002,NEON.PLA.D03.DSNY.02786,2014,25.652630314265338,25.32882128985608,0.0,,-2.879376872009375,,-2.843030961106295,,0.0,10.8,,,False,FILLED,Pinus elliottii Engelm.,PIEL,Pinus,Pinaceae,species,33,13.9,327.3
DSNY,DSNY_002,NEON.PLA.D03.DSNY.02786,2017,0.0,0.0,0.0,-8.550876771421779,-2.879376872009375,-8.442940429952026,-2.843030961106295,0.0,0.0,10.8,3.5,Standing dead,True,ORIGINAL,Pinus elliottii Engelm.,PIEL,Pinus,Pinaceae,species,33,13.9,327.3
DSNY,DSNY_002,NEON.PLA.D03.DSNY.02786,2022,0.0,0.0,0.0,0.0,-2.879376872009375,0.0,-2.843030961106295,0.0,0.0,10.9,3.4,Standing dead,True,ORIGINAL,Pinus elliottii Engelm.,PIEL,Pinus,Pinaceae,species,33,13.9,327.3
DSNY,DSNY_002,NEON.PLA.D03.DSNY.02787,2014,22.505310575891713,21.96806164152349,0.0,,-2.526106289130703,,-2.4658028373138614,,0.0,10.3,,,False,FILLED,Pinus elliottii Engelm.,PIEL,Pinus,Pinaceae,species,51,7.1,225.9
DSNY,DSNY_002,NEON.PLA.D03.DSNY.02787,2017,0.0,0.0,0.0,-7.501770191963904,-2.526106289130703,-7.322687213841164,-2.4658028373138614,0.0,0.0,10.3,7.6,Standing dead,True,ORIGINAL,Pinus elliottii Engelm.,PIEL,Pinus,Pinaceae,species,51,7.1,225.9
DSNY,DSNY_002,NEON.PLA.D03.DSNY.02787,2022,0.0,0.0,0.0,0.0,-2.526106289130703,0.0,-2.4658028373138614,0.0,0.0,10.5,7.6,Standing dead,True,ORIGINAL,Pinus elliottii Engelm.,PIEL,Pinus,Pinaceae,species,51,7.1,225.9
