siteID,plotID,individualID,scientificName,taxonID,status,reason
GUAN,GUAN_060,NEON.PLA.D04.GUAN.09387,Leptocereus quadricostatus (Bello) Britton & Rose,LEQU,UNMEASURED,Never measured in survey campaigns
GUAN,GUAN_020,NEON.PLA.D04.GUAN.09153,Lantana exarata Urb. & Ekman,LAEX,UNMEASURED,Never measured in survey campaigns
GUAN,GUAN_012,NEON.PLA.D04.GUAN.08628,Exostema caribaeum (Jacq.) Schult.,EXCA,UNMEASURED,Never measured in survey campaigns
GUAN,GUAN_047,NEON.PLA.D04.GUAN.08817,Leucothrinax morrisii,LEMO5,UNMEASURED,Never measured in survey campaigns
GUAN,GUAN_045,NEON.PLA.D04.GUAN.09016,Coccoloba krugii Lindau,COKR,UNMEASURED,Never measured in survey campaigns
GUAN,GUAN_049,NEON.PLA.D04.GUAN.01336,Unknown plant,2PLANT,UNMEASURED,Never measured in survey campaigns
GUAN,GUAN_061,NEON.PLA.D04.GUAN.00937,Unknown plant,2PLANT,UNMEASURED,Never measured in survey campaigns
GUAN,GUAN_002,NEON.PLA.D04.GUAN.09005,Gymnanthes lucida Sw.,GYLU,UNMEASURED,Never measured in survey campaigns
GUAN,GUAN_001,NEON.PLA.D04.GUAN.03047,Unknown plant,2PLANT,UNMEASURED,Never measured in survey campaigns
GUAN,GUAN_051,NEON.PLA.D04.GUAN.09367,Croton lucidus L.,CRLU2,UNMEASURED,Never measured in survey campaigns
GUAN,GUAN_003,NEON.PLA.D04.GUAN.02235,Coccoloba diversifolia Jacq.,CODI8,UNMEASURED,Never measured in survey campaigns
GUAN,GUAN_049,NEON.PLA.D04.GUAN.08505,Leptocereus quadricostatus (Bello) Britton & Rose,LEQU,UNMEASURED,Never measured in survey campaigns
GUAN,GUAN_061,NEON.PLA.D04.GUAN.00944,Unknown plant,2PLANT,UNMEASURED,Never measured in survey campaigns
GUAN,GUAN_002,NEON.PLA.D04.GUAN.01563,Unknown plant,2PLANT,UNMEASURED,Never measured in survey campaigns
GUAN,GUAN_011,NEON.PLA.D04.GUAN.09293,Croton lucidus L.,CRLU2,UNMEASURED,Never measured in survey campaigns
GUAN,GUAN_008,NEON.PLA.D04.GUAN.09182,Gymnanthes lucida Sw.,GYLU,UNMEASURED,Never measured in survey campaigns
GUAN,GUAN_060,NEON.PLA.D04.GUAN.09389,Leptocereus quadricostatus (Bello) Britton & Rose,LEQU,UNMEASURED,Never measured in survey campaigns
GUAN,GUAN_042,NEON.PLA.D04.GUAN.08059,Leptocereus quadricostatus (Bello) Britton & Rose,LEQU,UNMEASURED,Never measured in survey campaigns
GUAN,GUAN_061,NEON.PLA.D04.GUAN.00941,Unknown plant,2PLANT,UNMEASURED,Never measured in survey campaigns
GUAN,GUAN_002,NEON.PLA.D04.GUAN.09191,Krugiodendron ferreum (Vahl) Urb.,KRFE,UNMEASURED,Never measured in survey campaigns
GUAN,GUAN_014,NEON.PLA.D04.GUAN.09119,Lantana camara L.,LACA2,UNMEASURED,Never measured in survey campaigns
GUAN,GUAN_005,NEON.PLA.D04.GUAN.05961,Leptocereus quadricostatus (Bello) Britton & Rose,LEQU,UNMEASURED,Never measured in survey campaigns
GUAN,GUAN_001,NEON.PLA.D04.GUAN.03648,Unknown plant,2PLANT,UNMEASURED,Never measured in survey campaigns
GUAN,GUAN_015,NEON.PLA.D04.GUAN.02246,Cassine xylocarpa Vent.,CAXY,UNMEASURED,Never measured in survey campaigns
GUAN,GUAN_008,NEON.PLA.D04.GUAN.09301,Gymnanthes lucida Sw.,GYLU,UNMEASURED,Never measured in survey campaigns
GUAN,GUAN_014,NEON.PLA.D04.GUAN.05883,Pilosocereus royenii (L.) Byles & Rowley,PIRO6,UNMEASURED,Never measured in survey campaigns
GUAN,GUAN_044,NEON.PLA.D04.GUAN.08047,Pilosocereus royenii (L.) Byles & Rowley,PIRO6,UNMEASURED,Never measured in survey campaigns
GUAN,GUAN_049,NEON.PLA.D04.GUAN.05898,Leptocereus quadricostatus (Bello) Britton & Rose,LEQU,UNMEASURED,Never measured in survey campaigns
GUAN,GUAN_003,NEON.PLA.D04.GUAN.08003,Leptocereus quadricostatus (Bello) Britton & Rose,LEQU,UNMEASURED,Never measured in survey campaigns
GUAN,GUAN_008,NEON.PLA.D04.GUAN.09273,Gymnanthes lucida Sw.,GYLU,UNMEASURED,Never measured in survey campaigns
GUAN,GUAN_003,NEON.PLA.D04.GUAN.09380,Colubrina elliptica (Sw.) Briz. & Stern,COEL2,UNMEASURED,Never measured in survey campaigns
GUAN,GUAN_046,NEON.PLA.D04.GUAN.03855A,Bucida buceras L.,BUBU,UNMEASURED,Never measured in survey campaigns
GUAN,GUAN_017,NEON.PLA.D04.GUAN.05638,Pilosocereus royenii (L.) Byles & Rowley,PIRO6,UNMEASURED,Never measured in survey campaigns
GUAN,GUAN_012,NEON.PLA.D04.GUAN.08589,Pisonia albida (Heimerl) Britton ex Standl.,PIAL3,UNMEASURED,Never measured in survey campaigns
GUAN,GUAN_061,NEON.PLA.D04.GUAN.09199,Pilosocereus royenii (L.) Byles & Rowley,PIRO6,UNMEASURED,Never measured in survey campaigns
GUAN,GUAN_049,NEON.PLA.D04.GUAN.08857,Leptocereus quadricostatus (Bello) Britton & Rose,LEQU,UNMEASURED,Never measured in survey campaigns
GUAN,GUAN_055,NEON.PLA.D04.GUAN.00837,Unknown plant,2PLANT,UNMEASURED,Never measured in survey campaigns
GUAN,GUAN_012,NEON.PLA.D04.GUAN.05912,Bourreria succulenta Jacq.,BOSU2,UNMEASURED,Never measured in survey campaigns
GUAN,GUAN_049,NEON.PLA.D04.GUAN.08513,Leptocereus quadricostatus (Bello) Britton & Rose,LEQU,UNMEASURED,Never measured in survey campaigns
GUAN,GUAN_008,NEON.PLA.D04.GUAN.04342,Eugenia foetida Pers.,EUFO3,UNMEASURED,Never measured in survey campaigns
GUAN,GUAN_016,NEON.PLA.D04.GUAN.04208C,Pisonia albida (Heimerl) Britton ex Standl.,PIAL3,UNMEASURED,Never measured in survey campaigns
GUAN,GUAN_006,NEON.PLA.D04.GUAN.09125,Krugiodendron ferreum (Vahl) Urb.,KRFE,UNMEASURED,Never measured in survey campaigns
GUAN,GUAN_011,NEON.PLA.D04.GUAN.08889,Eugenia foetida Pers.,EUFO3,UNMEASURED,Never measured in survey campaigns
GUAN,GUAN_047,NEON.PLA.D04.GUAN.08821,Leucothrinax morrisii,LEMO5,UNMEASURED,Never measured in survey campaigns
GUAN,GUAN_044,NEON.PLA.D04.GUAN.05543,Pilosocereus royenii (L.) Byles & Rowley,PIRO6,UNMEASURED,Never measured in survey campaigns
GUAN,GUAN_011,NEON.PLA.D04.GUAN.09264,Leucothrinax morrisii,LEMO5,UNMEASURED,Never measured in survey campaigns
GUAN,GUAN_042,NEON.PLA.D04.GUAN.05547,Leptocereus quadricostatus (Bello) Britton & Rose,LEQU,UNMEASURED,Never measured in survey campaigns
GUAN,GUAN_011,NEON.PLA.D04.GUAN.09138,Leucothrinax morrisii,LEMO5,UNMEASURED,Never measured in survey campaigns
GUAN,GUAN_016,NEON.PLA.D04.GUAN.09343,Exostema caribaeum (Jacq.) Schult.,EXCA,UNMEASURED,Never measured in survey campaigns
GUAN,GUAN_014,NEON.PLA.D04.GUAN.09345,Erythroxylum areolatum L.,ERAR17,UNMEASURED,Never measured in survey campaigns
GUAN,GUAN_053,NEON.PLA.D04.GUAN.09368,Thouinia striata Radlk. var. portoricensis (Radlk.) Votava & Alain,THSTP,UNMEASURED,Never measured in survey campaigns
GUAN,GUAN_008,NEON.PLA.D04.GUAN.09170,Gymnanthes lucida Sw.,GYLU,UNMEASURED,Never measured in survey campaigns
GUAN,GUAN_014,NEON.PLA.D04.GUAN.05728,Pilosocereus royenii (L.) Byles & Rowley,PIRO6,UNMEASURED,Never measured in survey campaigns
GUAN,GUAN_006,NEON.PLA.D04.GUAN.09128,Croton lucidus L.,CRLU2,UNMEASURED,Never measured in survey campaigns
GUAN,GUAN_003,NEON.PLA.D04.GUAN.01894,Amyris elemifera L.,AMEL,UNMEASURED,Never measured in survey campaigns
GUAN,GUAN_014,NEON.PLA.D04.GUAN.09346,Croton discolor Willd.,CRDI8,UNMEASURED,Never measured in survey campaigns
GUAN,GUAN_052,NEON.PLA.D04.GUAN.00345,Unknown plant,2PLANT,UNMEASURED,Never measured in survey campaigns
GUAN,GUAN_042,NEON.PLA.D04.GUAN.08026,Leptocereus quadricostatus (Bello) Britton & Rose,LEQU,UNMEASURED,Never measured in survey campaigns
GUAN,GUAN_005,NEON.PLA.D04.GUAN.05985,Leptocereus quadricostatus (Bello) Britton & Rose,LEQU,UNMEASURED,Never measured in survey campaigns
GUAN,GUAN_042,NEON.PLA.D04.GUAN.05880,Opuntia sp.,OPUNT,UNMEASURED,Never measured in survey campaigns
GUAN,GUAN_043,NEON.PLA.D04.GUAN.05935,Leucothrinax morrisii,LEMO5,UNMEASURED,Never measured in survey campaigns
GUAN,GUAN_019,NEON.PLA.D04.GUAN.09168,Bursera simaruba (L.) Sarg.,BUSI,UNMEASURED,Never measured in survey campaigns
GUAN,GUAN_004,NEON.PLA.D04.GUAN.09189,Eugenia rhombea (Berg) Krug & Urb.,EURH,UNMEASURED,Never measured in survey campaigns
GUAN,GUAN_049,NEON.PLA.D04.GUAN.08508,Leptocereus quadricostatus (Bello) Britton & Rose,LEQU,UNMEASURED,Never measured in survey campaigns
GUAN,GUAN_006,NEON.PLA.D04.GUAN.09110,Croton lucidus L.,CRLU2,UNMEASURED,Never measured in survey campaigns
GUAN,GUAN_054,NEON.PLA.D04.GUAN.00521,Unknown plant,2PLANT,UNMEASURED,Never measured in survey campaigns
GUAN,GUAN_005,NEON.PLA.D04.GUAN.05949,Leptocereus quadricostatus (Bello) Britton & Rose,LEQU,UNMEASURED,Never measured in survey campaigns
GUAN,GUAN_018,NEON.PLA.D04.GUAN.09188,Zapoteca portoricensis (Jacq.) H.M. Hern.,ZAPO2,UNMEASURED,Never measured in survey campaigns
GUAN,GUAN_015,NEON.PLA.D04.GUAN.09291,Eugenia foetida Pers.,EUFO3,UNMEASURED,Never measured in survey campaigns
GUAN,GUAN_006,NEON.PLA.D04.GUAN.09132,Croton lucidus L.,CRLU2,UNMEASURED,Never measured in survey campaigns
GUAN,GUAN_018,NEON.PLA.D04.GUAN.09306,Eugenia foetida Pers.,EUFO3,UNMEASURED,Never measured in survey campaigns
GUAN,GUAN_013,NEON.PLA.D04.GUAN.09339,Guettarda elliptica Sw.,GUEL,UNMEASURED,Never measured in survey campaigns
GUAN,GUAN_058,NEON.PLA.D04.GUAN.09391,Coccothrinax barbadensis (Lodd. ex Mart.) Becc.,COBA3,UNMEASURED,Never measured in survey campaigns
GUAN,GUAN_014,NEON.PLA.D04.GUAN.05753,Pilosocereus royenii (L.) Byles & Rowley,PIRO6,UNMEASURED,Never measured in survey campaigns
GUAN,GUAN_016,NEON.PLA.D04.GUAN.04208D,Pisonia albida (Heimerl) Britton ex Standl.,PIAL3,UNMEASURED,Never measured in survey campaigns
GUAN,GUAN_048,NEON.PLA.D04.GUAN.03672,Unknown plant,2PLANT,UNMEASURED,Never measured in survey campaigns
GUAN,GUAN_002,NEON.PLA.D04.GUAN.09280,Gymnanthes lucida Sw.,GYLU,UNMEASURED,Never measured in survey campaigns
GUAN,GUAN_014,NEON.PLA.D04.GUAN.08920,Pilosocereus royenii (L.) Byles & Rowley,PIRO6,UNMEASURED,Never measured in survey campaigns
GUAN,GUAN_046,NEON.PLA.D04.GUAN.30854,Unknown plant,2PLANT,UNMEASURED,Never measured in survey campaigns
GUAN,GUAN_013,NEON.PLA.D04.GUAN.05677,Pilosocereus royenii (L.) Byles & Rowley,PIRO6,UNMEASURED,Never measured in survey campaigns
GUAN,GUAN_004,NEON.PLA.D04.GUAN.09464,Pilosocereus royenii (L.) Byles & Rowley,PIRO6,UNMEASURED,Never measured in survey campaigns
GUAN,GUAN_046,NEON.PLA.D04.GUAN.05600,Pilosocereus royenii (L.) Byles & Rowley,PIRO6,UNMEASURED,Never measured in survey campaigns
GUAN,GUAN_049,NEON.PLA.D04.GUAN.08507,Leptocereus quadricostatus (Bello) Britton & Rose,LEQU,UNMEASURED,Never measured in survey campaigns
GUAN,GUAN_049,NEON.PLA.D04.GUAN.08510,Leptocereus quadricostatus (Bello) Britton & Rose,LEQU,UNMEASURED,Never measured in survey campaigns
GUAN,GUAN_042,NEON.PLA.D04.GUAN.08050,Pilosocereus royenii (L.) Byles & Rowley,PIRO6,UNMEASURED,Never measured in survey campaigns
GUAN,GUAN_011,NEON.PLA.D04.GUAN.09139,Leucothrinax morrisii,LEMO5,UNMEASURED,Never measured in survey campaigns
GUAN,GUAN_047,NEON.PLA.D04.GUAN.01245,Unknown plant,2PLANT,UNMEASURED,Never measured in survey campaigns
GUAN,GUAN_016,NEON.PLA.D04.GUAN.04208B,Pisonia albida (Heimerl) Britton ex Standl.,PIAL3,UNMEASURED,Never measured in survey campaigns
GUAN,GUAN_049,NEON.PLA.D04.GUAN.08511,Leptocereus quadricostatus (Bello) Britton & Rose,LEQU,UNMEASURED,Never measured in survey campaigns
GUAN,GUAN_003,NEON.PLA.D04.GUAN.05523,Leptocereus quadricostatus (Bello) Britton & Rose,LEQU,UNMEASURED,Never measured in survey campaigns
GUAN,GUAN_014,NEON.PLA.D04.GUAN.05726,Pilosocereus royenii (L.) Byles & Rowley,PIRO6,UNMEASURED,Never measured in survey campaigns
GUAN,GUAN_006,NEON.PLA.D04.GUAN.09130,Croton lucidus L.,CRLU2,UNMEASURED,Never measured in survey campaigns
GUAN,GUAN_020,NEON.PLA.D04.GUAN.08949,Pilosocereus royenii (L.) Byles & Rowley,PIRO6,UNMEASURED,Never measured in survey campaigns
GUAN,GUAN_010,NEON.PLA.D04.GUAN.09279,Croton lucidus L.,CRLU2,UNMEASURED,Never measured in survey campaigns
GUAN,GUAN_049,NEON.PLA.D04.GUAN.08257,Distictis lactiflora (Vahl) DC.,DILA10,UNMEASURED,Never measured in survey campaigns
GUAN,GUAN_017,NEON.PLA.D04.GUAN.09114,Gymnanthes lucida Sw.,GYLU,UNMEASURED,Never measured in survey campaigns
GUAN,GUAN_044,NEON.PLA.D04.GUAN.05557,Leptocereus quadricostatus (Bello) Britton & Rose,LEQU,UNMEASURED,Never measured in survey campaigns
GUAN,GUAN_043,NEON.PLA.D04.GUAN.00056,Unknown plant,2PLANT,UNMEASURED,Never measured in survey campaigns
GUAN,GUAN_044,NEON.PLA.D04.GUAN.08008,Hylocereus undatus (Haw.) Britton & Rose,HYUN3,UNMEASURED,Never measured in survey campaigns
GUAN,GUAN_056,NEON.PLA.D04.GUAN.09093,Leucothrinax morrisii,LEMO5,UNMEASURED,Never measured in survey campaigns
GUAN,GUAN_049,NEON.PLA.D04.GUAN.09366,Savia sessiliflora (Sw.) Willd.,SASE6,UNMEASURED,Never measured in survey campaigns
GUAN,GUAN_042,NEON.PLA.D04.GUAN.08064,Leptocereus quadricostatus (Bello) Britton & Rose,LEQU,UNMEASURED,Never measured in survey campaigns
GUAN,GUAN_003,NEON.PLA.D04.GUAN.02116,Eugenia foetida Pers.,EUFO3,UNMEASURED,Never measured in survey campaigns
GUAN,GUAN_058,NEON.PLA.D04.GUAN.08872,Coccothrinax barbadensis (Lodd. ex Mart.) Becc.,COBA3,UNMEASURED,Never measured in survey campaigns
GUAN,GUAN_011,NEON.PLA.D04.GUAN.09167,Gymnanthes lucida Sw.,GYLU,UNMEASURED,Never measured in survey campaigns
GUAN,GUAN_006,NEON.PLA.D04.GUAN.09129,Croton lucidus L.,CRLU2,UNMEASURED,Never measured in survey campaigns
GUAN,GUAN_059,NEON.PLA.D04.GUAN.09048,Leptocereus quadricostatus (Bello) Britton & Rose,LEQU,UNMEASURED,Never measured in survey campaigns
GUAN,GUAN_002,NEON.PLA.D04.GUAN.09282,Gymnanthes lucida Sw.,GYLU,UNMEASURED,Never measured in survey campaigns
GUAN,GUAN_004,NEON.PLA.D04.GUAN.09419,Pilosocereus royenii (L.) Byles & Rowley,PIRO6,UNMEASURED,Never measured in survey campaigns
GUAN,GUAN_061,NEON.PLA.D04.GUAN.00940,Unknown plant,2PLANT,UNMEASURED,Never measured in survey campaigns
GUAN,GUAN_060,NEON.PLA.D04.GUAN.03737,Croton sp.,CROTO,UNMEASURED,Never measured in survey campaigns
GUAN,GUAN_011,NEON.PLA.D04.GUAN.09137,Leucothrinax morrisii,LEMO5,UNMEASURED,Never measured in survey campaigns
GUAN,GUAN_011,NEON.PLA.D04.GUAN.09294,Croton discolor Willd.,CRDI8,UNMEASURED,Never measured in survey campaigns
GUAN,GUAN_005,NEON.PLA.D04.GUAN.05966,Leptocereus quadricostatus (Bello) Britton & Rose,LEQU,UNMEASURED,Never measured in survey campaigns
GUAN,GUAN_011,NEON.PLA.D04.GUAN.09142,Leucothrinax morrisii,LEMO5,UNMEASURED,Never measured in survey campaigns
GUAN,GUAN_058,NEON.PLA.D04.GUAN.01063,Unknown plant,2PLANT,UNMEASURED,Never measured in survey campaigns
GUAN,GUAN_049,NEON.PLA.D04.GUAN.01422,Unknown plant,2PLANT,UNMEASURED,Never measured in survey campaigns
GUAN,GUAN_016,NEON.PLA.D04.GUAN.04238,Unknown plant,2PLANT,UNMEASURED,Never measured in survey campaigns
GUAN,GUAN_059,NEON.PLA.D04.GUAN.09042,Leptocereus quadricostatus (Bello) Britton & Rose,LEQU,UNMEASURED,Never measured in survey campaigns
GUAN,GUAN_011,NEON.PLA.D04.GUAN.09143,Leucothrinax morrisii,LEMO5,UNMEASURED,Never measured in survey campaigns
GUAN,GUAN_049,NEON.PLA.D04.GUAN.08515,Leptocereus quadricostatus (Bello) Britton & Rose,LEQU,UNMEASURED,Never measured in survey campaigns
GUAN,GUAN_008,NEON.PLA.D04.GUAN.09178,Gymnanthes lucida Sw.,GYLU,UNMEASURED,Never measured in survey campaigns
GUAN,GUAN_058,NEON.PLA.D04.GUAN.09396,Coccothrinax barbadensis (Lodd. ex Mart.) Becc.,COBA3,UNMEASURED,Never measured in survey campaigns
GUAN,GUAN_042,NEON.PLA.D04.GUAN.05560,Leptocereus quadricostatus (Bello) Britton & Rose,LEQU,UNMEASURED,Never measured in survey campaigns
GUAN,GUAN_061,NEON.PLA.D04.GUAN.09099,Pilosocereus royenii (L.) Byles & Rowley,PIRO6,UNMEASURED,Never measured in survey campaigns
GUAN,GUAN_008,NEON.PLA.D04.GUAN.09276,Guettarda krugii Urb.,GUKR,UNMEASURED,Never measured in survey campaigns
GUAN,GUAN_004,NEON.PLA.D04.GUAN.04333D,Sideroxylon salicifolium (L.) Lam.,SISA6,UNMEASURED,Never measured in survey campaigns
GUAN,GUAN_017,NEON.PLA.D04.GUAN.09350,Plumeria alba L.,PLAL,UNMEASURED,Never measured in survey campaigns
GUAN,GUAN_044,NEON.PLA.D04.GUAN.05553,Pilosocereus royenii (L.) Byles & Rowley,PIRO6,UNMEASURED,Never measured in survey campaigns
GUAN,GUAN_016,NEON.PLA.D04.GUAN.09342,Gymnanthes lucida Sw.,GYLU,UNMEASURED,Never measured in survey campaigns
GUAN,GUAN_001,NEON.PLA.D04.GUAN.08869Z,Eugenia rhombea (Berg) Krug & Urb.,EURH,UNMEASURED,Never measured in survey campaigns
GUAN,GUAN_010,NEON.PLA.D04.GUAN.08786Z,Coccoloba krugii Lindau,COKR,UNMEASURED,Never measured in survey campaigns
GUAN,GUAN_057,NEON.PLA.D04.GUAN.09354,Gymnanthes lucida Sw.,GYLU,UNMEASURED,Never measured in survey campaigns
GUAN,GUAN_014,NEON.PLA.D04.GUAN.08799,Pilosocereus royenii (L.) Byles & Rowley,PIRO6,UNMEASURED,Never measured in survey campaigns
GUAN,GUAN_003,NEON.PLA.D04.GUAN.09402,Leptocereus quadricostatus (Bello) Britton & Rose,LEQU,UNMEASURED,Never measured in survey campaigns
GUAN,GUAN_013,NEON.PLA.D04.GUAN.09108,Gymnanthes lucida Sw.,GYLU,UNMEASURED,Never measured in survey campaigns
GUAN,GUAN_044,NEON.PLA.D04.GUAN.05574,Leptocereus quadricostatus (Bello) Britton & Rose,LEQU,UNMEASURED,Never measured in survey campaigns
GUAN,GUAN_043,NEON.PLA.D04.GUAN.08860,Serjania polyphylla (L.) Radlk.,SEPO4,UNMEASURED,Never measured in survey campaigns
GUAN,GUAN_049,NEON.PLA.D04.GUAN.08502,Leptocereus quadricostatus (Bello) Britton & Rose,LEQU,UNMEASURED,Never measured in survey campaigns
GUAN,GUAN_043,NEON.PLA.D04.GUAN.00316,Eugenia rhombea (Berg) Krug & Urb.,EURH,UNMEASURED,Never measured in survey campaigns
GUAN,GUAN_005,NEON.PLA.D04.GUAN.05941,Leptocereus quadricostatus (Bello) Britton & Rose,LEQU,UNMEASURED,Never measured in survey campaigns
GUAN,GUAN_058,NEON.PLA.D04.GUAN.08711,Coccothrinax barbadensis (Lodd. ex Mart.) Becc.,COBA3,UNMEASURED,Never measured in survey campaigns
GUAN,GUAN_020,NEON.PLA.D04.GUAN.05886,Pilosocereus royenii (L.) Byles & Rowley,PIRO6,UNMEASURED,Never measured in survey campaigns
GUAN,GUAN_049,NEON.PLA.D04.GUAN.05839,Leptocereus quadricostatus (Bello) Britton & Rose,LEQU,UNMEASURED,Never measured in survey campaigns
GUAN,GUAN_048,NEON.PLA.D04.GUAN.03624,Unknown plant,2PLANT,UNMEASURED,Never measured in survey campaigns
GUAN,GUAN_044,NEON.PLA.D04.GUAN.08071,Pilosocereus royenii (L.) Byles & Rowley,PIRO6,UNMEASURED,Never measured in survey campaigns
GUAN,GUAN_018,NEON.PLA.D04.GUAN.09307,Bursera simaruba (L.) Sarg.,BUSI,UNMEASURED,Never measured in survey campaigns
GUAN,GUAN_008,NEON.PLA.D04.GUAN.09275,Gymnanthes lucida Sw.,GYLU,UNMEASURED,Never measured in survey campaigns
GUAN,GUAN_001,NEON.PLA.D04.GUAN.09398,Rochefortia acanthophora (DC.) Griseb.,ROAC2,UNMEASURED,Never measured in survey campaigns
GUAN,GUAN_015,NEON.PLA.D04.GUAN.09359,Comocladia dodonaea (L.) Urb.,CODO,UNMEASURED,Never measured in survey campaigns
GUAN,GUAN_002,NEON.PLA.D04.GUAN.09194,Gymnanthes lucida Sw.,GYLU,UNMEASURED,Never measured in survey campaigns
GUAN,GUAN_005,NEON.PLA.D04.GUAN.09277,Leptocereus quadricostatus (Bello) Britton & Rose,LEQU,UNMEASURED,Never measured in survey campaigns
GUAN,GUAN_011,NEON.PLA.D04.GUAN.09146,Leucothrinax morrisii,LEMO5,UNMEASURED,Never measured in survey campaigns
GUAN,GUAN_042,NEON.PLA.D04.GUAN.09415,Leptocereus quadricostatus (Bello) Britton & Rose,LEQU,UNMEASURED,Never measured in survey campaigns
GUAN,GUAN_042,NEON.PLA.D04.GUAN.08011,Leptocereus quadricostatus (Bello) Britton & Rose,LEQU,UNMEASURED,Never measured in survey campaigns
GUAN,GUAN_005,NEON.PLA.D04.GUAN.09003,Gymnanthes lucida Sw.,GYLU,UNMEASURED,Never measured in survey campaigns
GUAN,GUAN_058,NEON.PLA.D04.GUAN.09394,Coccothrinax barbadensis (Lodd. ex Mart.) Becc.,COBA3,UNMEASURED,Never measured in survey campaigns
GUAN,GUAN_046,NEON.PLA.D04.GUAN.09371,Leucothrinax morrisii,LEMO5,UNMEASURED,Never measured in survey campaigns
GUAN,GUAN_043,NEON.PLA.D04.GUAN.00062,Croton sp.,CROTO,UNMEASURED,Never measured in survey campaigns
GUAN,GUAN_017,NEON.PLA.D04.GUAN.09351,Eugenia xerophytica Britton,EUXE,UNMEASURED,Never measured in survey campaigns
GUAN,GUAN_001,NEON.PLA.D04.GUAN.03403,Unknown plant,2PLANT,UNMEASURED,Never measured in survey campaigns
GUAN,GUAN_049,NEON.PLA.D04.GUAN.08522,Leptocereus quadricostatus (Bello) Britton & Rose,LEQU,UNMEASURED,Never measured in survey campaigns
GUAN,GUAN_049,NEON.PLA.D04.GUAN.08534,Leptocereus quadricostatus (Bello) Britton & Rose,LEQU,UNMEASURED,Never measured in survey campaigns
GUAN,GUAN_049,NEON.PLA.D04.GUAN.05840,Leptocereus quadricostatus (Bello) Britton & Rose,LEQU,UNMEASURED,Never measured in survey campaigns
GUAN,GUAN_058,NEON.PLA.D04.GUAN.09092,Coccothrinax barbadensis (Lodd. ex Mart.) Becc.,COBA3,UNMEASURED,Never measured in survey campaigns
GUAN,GUAN_042,NEON.PLA.D04.GUAN.08070,Leptocereus quadricostatus (Bello) Britton & Rose,LEQU,UNMEASURED,Never measured in survey campaigns
GUAN,GUAN_043,NEON.PLA.D04.GUAN.00052,Unknown plant,2PLANT,UNMEASURED,Never measured in survey campaigns
GUAN,GUAN_001,NEON.PLA.D04.GUAN.04504,Gymnanthes lucida Sw.,GYLU,UNMEASURED,Never measured in survey campaigns
GUAN,GUAN_049,NEON.PLA.D04.GUAN.00949,Unknown plant,2PLANT,UNMEASURED,Never measured in survey campaigns
GUAN,GUAN_014,NEON.PLA.D04.GUAN.05757,Pilosocereus royenii (L.) Byles & Rowley,PIRO6,UNMEASURED,Never measured in survey campaigns
GUAN,GUAN_054,NEON.PLA.D04.GUAN.00548,Unknown plant,2PLANT,UNMEASURED,Never measured in survey campaigns
GUAN,GUAN_049,NEON.PLA.D04.GUAN.08512,Leptocereus quadricostatus (Bello) Britton & Rose,LEQU,UNMEASURED,Never measured in survey campaigns
GUAN,GUAN_003,NEON.PLA.D04.GUAN.09416,Leptocereus quadricostatus (Bello) Britton & Rose,LEQU,UNMEASURED,Never measured in survey campaigns
GUAN,GUAN_047,NEON.PLA.D04.GUAN.08828,Leucothrinax morrisii,LEMO5,UNMEASURED,Never measured in survey campaigns
GUAN,GUAN_011,NEON.PLA.D04.GUAN.09135,Leucothrinax morrisii,LEMO5,UNMEASURED,Never measured in survey campaigns
GUAN,GUAN_044,NEON.PLA.D04.GUAN.08017,Pilosocereus royenii (L.) Byles & Rowley,PIRO6,UNMEASURED,Never measured in survey campaigns
GUAN,GUAN_042,NEON.PLA.D04.GUAN.09410,Leptocereus quadricostatus (Bello) Britton & Rose,LEQU,UNMEASURED,Never measured in survey campaigns
GUAN,GUAN_008,NEON.PLA.D04.GUAN.05636,Pilosocereus royenii (L.) Byles & Rowley,PIRO6,UNMEASURED,Never measured in survey campaigns
GUAN,GUAN_010,NEON.PLA.D04.GUAN.08870Z,Amyris elemifera L.,AMEL,UNMEASURED,Never measured in survey campaigns
GUAN,GUAN_014,NEON.PLA.D04.GUAN.05750,Pilosocereus royenii (L.) Byles & Rowley,PIRO6,UNMEASURED,Never measured in survey campaigns
GUAN,GUAN_020,NEON.PLA.D04.GUAN.08924,Pilosocereus royenii (L.) Byles & Rowley,PIRO6,UNMEASURED,Never measured in survey campaigns
GUAN,GUAN_019,NEON.PLA.D04.GUAN.09164,Coccoloba diversifolia Jacq.,CODI8,UNMEASURED,Never measured in survey campaigns
GUAN,GUAN_015,NEON.PLA.D04.GUAN.04145,Pithecellobium unguis-cati (L.) Benth.,PIUN,UNMEASURED,Never measured in survey campaigns
GUAN,GUAN_049,NEON.PLA.D04.GUAN.08501,Leptocereus quadricostatus (Bello) Britton & Rose,LEQU,UNMEASURED,Never measured in survey campaigns
GUAN,GUAN_058,NEON.PLA.D04.GUAN.08801,Coccothrinax barbadensis (Lodd. ex Mart.) Becc.,COBA3,UNMEASURED,Never measured in survey campaigns
GUAN,GUAN_042,NEON.PLA.D04.GUAN.08067,Leptocereus quadricostatus (Bello) Britton & Rose,LEQU,UNMEASURED,Never measured in survey campaigns
GUAN,GUAN_003,NEON.PLA.D04.GUAN.05508,Leptocereus quadricostatus (Bello) Britton & Rose,LEQU,UNMEASURED,Never measured in survey campaigns
GUAN,GUAN_049,NEON.PLA.D04.GUAN.08532,Leptocereus quadricostatus (Bello) Britton & Rose,LEQU,UNMEASURED,Never measured in survey campaigns
GUAN,GUAN_061,NEON.PLA.D04.GUAN.09027,Hylocereus trigonus (Haw.) Saff.,HYTR2,UNMEASURED,Never measured in survey campaigns
GUAN,GUAN_020,NEON.PLA.D04.GUAN.08921,Pilosocereus royenii (L.) Byles & Rowley,PIRO6,UNMEASURED,Never measured in survey campaigns
GUAN,GUAN_007,NEON.PLA.D04.GUAN.09395,Amyris elemifera L.,AMEL,UNMEASURED,Never measured in survey campaigns
GUAN,GUAN_057,NEON.PLA.D04.GUAN.00919,Croton sp.,CROTO,UNMEASURED,Never measured in survey campaigns
GUAN,GUAN_056,NEON.PLA.D04.GUAN.01655,Guaiacum officinale L.,GUOF,UNMEASURED,Never measured in survey campaigns
GUAN,GUAN_005,NEON.PLA.D04.GUAN.05942,Leptocereus quadricostatus (Bello) Britton & Rose,LEQU,UNMEASURED,Never measured in survey campaigns
GUAN,GUAN_061,NEON.PLA.D04.GUAN.00884,Unknown plant,2PLANT,UNMEASURED,Never measured in survey campaigns
GUAN,GUAN_011,NEON.PLA.D04.GUAN.09309,Gymnanthes lucida Sw.,GYLU,UNMEASURED,Never measured in survey campaigns
GUAN,GUAN_042,NEON.PLA.D04.GUAN.05565,Leptocereus quadricostatus (Bello) Britton & Rose,LEQU,UNMEASURED,Never measured in survey campaigns
GUAN,GUAN_042,NEON.PLA.D04.GUAN.08063,Leptocereus quadricostatus (Bello) Britton & Rose,LEQU,UNMEASURED,Never measured in survey campaigns
GUAN,GUAN_046,NEON.PLA.D04.GUAN.09431,Leptocereus quadricostatus (Bello) Britton & Rose,LEQU,UNMEASURED,Never measured in survey campaigns
GUAN,GUAN_046,NEON.PLA.D04.GUAN.05873,Pilosocereus royenii (L.) Byles & Rowley,PIRO6,UNMEASURED,Never measured in survey campaigns
GUAN,GUAN_049,NEON.PLA.D04.GUAN.08558,Leptocereus quadricostatus (Bello) Britton & Rose,LEQU,UNMEASURED,Never measured in survey campaigns
GUAN,GUAN_005,NEON.PLA.D04.GUAN.05948,Leptocereus quadricostatus (Bello) Britton & Rose,LEQU,UNMEASURED,Never measured in survey campaigns
GUAN,GUAN_049,NEON.PLA.D04.GUAN.08787,Leptocereus quadricostatus (Bello) Britton & Rose,LEQU,UNMEASURED,Never measured in survey campaigns
GUAN,GUAN_048,NEON.PLA.D04.GUAN.03345A,Pisonia albida (Heimerl) Britton ex Standl.,PIAL3,UNMEASURED,Never measured in survey campaigns
GUAN,GUAN_003,NEON.PLA.D04.GUAN.05527,Leptocereus quadricostatus (Bello) Britton & Rose,LEQU,UNMEASURED,Never measured in survey campaigns
GUAN,GUAN_047,NEON.PLA.D04.GUAN.08820,Leucothrinax morrisii,LEMO5,UNMEASURED,Never measured in survey campaigns
GUAN,GUAN_005,NEON.PLA.D04.GUAN.05945,Leptocereus quadricostatus (Bello) Britton & Rose,LEQU,UNMEASURED,Never measured in survey campaigns
GUAN,GUAN_015,NEON.PLA.D04.GUAN.02268,Unknown plant,2PLANT,UNMEASURED,Never measured in survey campaigns
GUAN,GUAN_049,NEON.PLA.D04.GUAN.08836,Leptocereus quadricostatus (Bello) Britton & Rose,LEQU,UNMEASURED,Never measured in survey campaigns
GUAN,GUAN_011,NEON.PLA.D04.GUAN.04513,Croton sp.,CROTO,UNMEASURED,Never measured in survey campaigns
GUAN,GUAN_003,NEON.PLA.D04.GUAN.05526,Leptocereus quadricostatus (Bello) Britton & Rose,LEQU,UNMEASURED,Never measured in survey campaigns
GUAN,GUAN_055,NEON.PLA.D04.GUAN.00798,Unknown plant,2PLANT,UNMEASURED,Never measured in survey campaigns
GUAN,GUAN_060,NEON.PLA.D04.GUAN.09037,Leptocereus quadricostatus (Bello) Britton & Rose,LEQU,UNMEASURED,Never measured in survey campaigns
GUAN,GUAN_043,NEON.PLA.D04.GUAN.09305,Jasminum fluminense Vell.,JAFL,UNMEASURED,Never measured in survey campaigns
GUAN,GUAN_011,NEON.PLA.D04.GUAN.09348,Gymnanthes lucida Sw.,GYLU,UNMEASURED,Never measured in survey campaigns
GUAN,GUAN_011,NEON.PLA.D04.GUAN.09799,Eugenia foetida Pers.,EUFO3,UNMEASURED,Never measured in survey campaigns
GUAN,GUAN_007,NEON.PLA.D04.GUAN.02552,Unknown plant,2PLANT,UNMEASURED,Never measured in survey campaigns
GUAN,GUAN_003,NEON.PLA.D04.GUAN.09304,Eugenia foetida Pers.,EUFO3,UNMEASURED,Never measured in survey campaigns
GUAN,GUAN_017,NEON.PLA.D04.GUAN.05635,Pilosocereus royenii (L.) Byles & Rowley,PIRO6,UNMEASURED,Never measured in survey campaigns
GUAN,GUAN_009,NEON.PLA.D04.GUAN.08863Z,Leucaena leucocephala (Lam.) de Wit,LELE10,UNMEASURED,Never measured in survey campaigns
GUAN,GUAN_005,NEON.PLA.D04.GUAN.05981,Leptocereus quadricostatus (Bello) Britton & Rose,LEQU,UNMEASURED,Never measured in survey campaigns
GUAN,GUAN_058,NEON.PLA.D04.GUAN.09094,Coccothrinax barbadensis (Lodd. ex Mart.) Becc.,COBA3,UNMEASURED,Never measured in survey campaigns
GUAN,GUAN_013,NEON.PLA.D04.GUAN.02787,Bursera simaruba (L.) Sarg.,BUSI,UNMEASURED,Never measured in survey campaigns
GUAN,GUAN_014,NEON.PLA.D04.GUAN.05727,Pilosocereus royenii (L.) Byles & Rowley,PIRO6,UNMEASURED,Never measured in survey campaigns
GUAN,GUAN_014,NEON.PLA.D04.GUAN.05759,Pilosocereus royenii (L.) Byles & Rowley,PIRO6,UNMEASURED,Never measured in survey campaigns
GUAN,GUAN_019,NEON.PLA.D04.GUAN.03551,Pictetia aculeata (Vahl) Urb.,PIAC,UNMEASURED,Never measured in survey campaigns
GUAN,GUAN_005,NEON.PLA.D04.GUAN.05944,Leptocereus quadricostatus (Bello) Britton & Rose,LEQU,UNMEASURED,Never measured in survey campaigns
GUAN,GUAN_003,NEON.PLA.D04.GUAN.09001,Coccoloba diversifolia Jacq.,CODI8,UNMEASURED,Never measured in survey campaigns
GUAN,GUAN_043,NEON.PLA.D04.GUAN.00038,Unknown plant,2PLANT,UNMEASURED,Never measured in survey campaigns
GUAN,GUAN_061,NEON.PLA.D04.GUAN.01180,Unknown plant,2PLANT,UNMEASURED,Never measured in survey campaigns
GUAN,GUAN_011,NEON.PLA.D04.GUAN.09172,Gymnanthes lucida Sw.,GYLU,UNMEASURED,Never measured in survey campaigns
GUAN,GUAN_015,NEON.PLA.D04.GUAN.09358,Schaefferia frutescens Jacq.,SCFR,UNMEASURED,Never measured in survey campaigns
GUAN,GUAN_002,NEON.PLA.D04.GUAN.09285,Gymnanthes lucida Sw.,GYLU,UNMEASURED,Never measured in survey campaigns
GUAN,GUAN_061,NEON.PLA.D04.GUAN.09399,Pilosocereus royenii (L.) Byles & Rowley,PIRO6,UNMEASURED,Never measured in survey campaigns
GUAN,GUAN_003,NEON.PLA.D04.GUAN.02238,Coccoloba diversifolia Jacq.,CODI8,UNMEASURED,Never measured in survey campaigns
GUAN,GUAN_055,NEON.PLA.D04.GUAN.08641,Coccothrinax barbadensis (Lodd. ex Mart.) Becc.,COBA3,UNMEASURED,Never measured in survey campaigns
GUAN,GUAN_005,NEON.PLA.D04.GUAN.04174A,Unknown plant,2PLANT,UNMEASURED,Never measured in survey campaigns
GUAN,GUAN_011,NEON.PLA.D04.GUAN.09134,Leucothrinax morrisii,LEMO5,UNMEASURED,Never measured in survey campaigns
GUAN,GUAN_011,NEON.PLA.D04.GUAN.09262,Leucothrinax morrisii,LEMO5,UNMEASURED,Never measured in survey campaigns
GUAN,GUAN_011,NEON.PLA.D04.GUAN.04971,Eugenia foetida Pers.,EUFO3,UNMEASURED,Never measured in survey campaigns
GUAN,GUAN_048,NEON.PLA.D04.GUAN.08866,Eugenia rhombea (Berg) Krug & Urb.,EURH,UNMEASURED,Never measured in survey campaigns
GUAN,GUAN_016,NEON.PLA.D04.GUAN.04208A,Pisonia albida (Heimerl) Britton ex Standl.,PIAL3,UNMEASURED,Never measured in survey campaigns
GUAN,GUAN_013,NEON.PLA.D04.GUAN.09336Z,Coccoloba microstachya Willd.,COMI,UNMEASURED,Never measured in survey campaigns
GUAN,GUAN_045,NEON.PLA.D04.GUAN.08029,Leptocereus quadricostatus (Bello) Britton & Rose,LEQU,UNMEASURED,Never measured in survey campaigns
GUAN,GUAN_061,NEON.PLA.D04.GUAN.01174,Croton lucidus L.,CRLU2,UNMEASURED,Never measured in survey campaigns
GUAN,GUAN_004,NEON.PLA.D04.GUAN.04333C,Sideroxylon salicifolium (L.) Lam.,SISA6,UNMEASURED,Never measured in survey campaigns
GUAN,GUAN_049,NEON.PLA.D04.GUAN.08509,Leptocereus quadricostatus (Bello) Britton & Rose,LEQU,UNMEASURED,Never measured in survey campaigns
GUAN,GUAN_008,NEON.PLA.D04.GUAN.08856Z,Coccoloba diversifolia Jacq.,CODI8,UNMEASURED,Never measured in survey campaigns
GUAN,GUAN_011,NEON.PLA.D04.GUAN.09263,Leucothrinax morrisii,LEMO5,UNMEASURED,Never measured in survey campaigns
GUAN,GUAN_020,NEON.PLA.D04.GUAN.08951,Pilosocereus royenii (L.) Byles & Rowley,PIRO6,UNMEASURED,Never measured in survey campaigns
GUAN,GUAN_009,NEON.PLA.D04.GUAN.04676,Unknown plant,2PLANT,UNMEASURED,Never measured in survey campaigns
GUAN,GUAN_005,NEON.PLA.D04.GUAN.04176A,Pisonia albida (Heimerl) Britton ex Standl.,PIAL3,UNMEASURED,Never measured in survey campaigns
GUAN,GUAN_048,NEON.PLA.D04.GUAN.03647,Lantana reticulata Pers.,LARE2,UNMEASURED,Never measured in survey campaigns
GUAN,GUAN_046,NEON.PLA.D04.GUAN.05851,Leptocereus quadricostatus (Bello) Britton & Rose,LEQU,UNMEASURED,Never measured in survey campaigns
GUAN,GUAN_013,NEON.PLA.D04.GUAN.09338,Jacquinia berteroi Spreng.,JABE,UNMEASURED,Never measured in survey campaigns
GUAN,GUAN_009,NEON.PLA.D04.GUAN.04672,Unknown plant,2PLANT,UNMEASURED,Never measured in survey campaigns
GUAN,GUAN_002,NEON.PLA.D04.GUAN.09286,Gymnanthes lucida Sw.,GYLU,UNMEASURED,Never measured in survey campaigns
GUAN,GUAN_011,NEON.PLA.D04.GUAN.09347,Lantana exarata Urb. & Ekman,LAEX,UNMEASURED,Never measured in survey campaigns
GUAN,GUAN_042,NEON.PLA.D04.GUAN.08020,Leptocereus quadricostatus (Bello) Britton & Rose,LEQU,UNMEASURED,Never measured in survey campaigns
GUAN,GUAN_051,NEON.PLA.D04.GUAN.01823,Unknown plant,2PLANT,UNMEASURED,Never measured in survey campaigns
GUAN,GUAN_042,NEON.PLA.D04.GUAN.05541,Leptocereus quadricostatus (Bello) Britton & Rose,LEQU,UNMEASURED,Never measured in survey campaigns
GUAN,GUAN_046,NEON.PLA.D04.GUAN.33574,Croton sp.,CROTO,UNMEASURED,Never measured in survey campaigns
GUAN,GUAN_006,NEON.PLA.D04.GUAN.09159,Gymnanthes lucida Sw.,GYLU,UNMEASURED,Never measured in survey campaigns
GUAN,GUAN_011,NEON.PLA.D04.GUAN.09157,Bourreria succulenta Jacq.,BOSU2,UNMEASURED,Never measured in survey campaigns
GUAN,GUAN_044,NEON.PLA.D04.GUAN.08232,Heteropterys purpurea (L.) Kunth,HEPU17,UNMEASURED,Never measured in survey campaigns
GUAN,GUAN_045,NEON.PLA.D04.GUAN.02622,Unknown plant,2PLANT,UNMEASURED,Never measured in survey campaigns
GUAN,GUAN_043,NEON.PLA.D04.GUAN.05877,Leucothrinax morrisii,LEMO5,UNMEASURED,Never measured in survey campaigns
GUAN,GUAN_011,NEON.PLA.D04.GUAN.09296,Eugenia foetida Pers.,EUFO3,UNMEASURED,Never measured in survey campaigns
GUAN,GUAN_005,NEON.PLA.D04.GUAN.04178,Pisonia albida (Heimerl) Britton ex Standl.,PIAL3,UNMEASURED,Never measured in survey campaigns
GUAN,GUAN_042,NEON.PLA.D04.GUAN.09442,Leptocereus quadricostatus (Bello) Britton & Rose,LEQU,UNMEASURED,Never measured in survey campaigns
GUAN,GUAN_011,NEON.PLA.D04.GUAN.09141,Leucothrinax morrisii,LEMO5,UNMEASURED,Never measured in survey campaigns
GUAN,GUAN_019,NEON.PLA.D04.GUAN.09161,Gymnanthes lucida Sw.,GYLU,UNMEASURED,Never measured in survey campaigns
GUAN,GUAN_011,NEON.PLA.D04.GUAN.05920,Gymnanthes lucida Sw.,GYLU,UNMEASURED,Never measured in survey campaigns
GUAN,GUAN_048,NEON.PLA.D04.GUAN.08866A,Eugenia rhombea (Berg) Krug & Urb.,EURH,UNMEASURED,Never measured in survey campaigns
GUAN,GUAN_006,NEON.PLA.D04.GUAN.09126,Unknown plant,2PLANT,UNMEASURED,Never measured in survey campaigns
GUAN,GUAN_059,NEON.PLA.D04.GUAN.03371,Unknown plant,2PLANT,UNMEASURED,Never measured in survey campaigns
GUAN,GUAN_059,NEON.PLA.D04.GUAN.03383,Unknown plant,2PLANT,UNMEASURED,Never measured in survey campaigns
GUAN,GUAN_059,NEON.PLA.D04.GUAN.03378,Unknown plant,2PLANT,UNMEASURED,Never measured in survey campaigns
GUAN,GUAN_049,NEON.PLA.D04.GUAN.08533,Leptocereus quadricostatus (Bello) Britton & Rose,LEQU,UNMEASURED,Never measured in survey campaigns
GUAN,GUAN_043,NEON.PLA.D04.GUAN.05842,Leucothrinax morrisii,LEMO5,UNMEASURED,Never measured in survey campaigns
GUAN,GUAN_049,NEON.PLA.D04.GUAN.08789,Leptocereus quadricostatus (Bello) Britton & Rose,LEQU,UNMEASURED,Never measured in survey campaigns
GUAN,GUAN_019,NEON.PLA.D04.GUAN.09169,Gymnanthes lucida Sw.,GYLU,UNMEASURED,Never measured in survey campaigns
GUAN,GUAN_061,NEON.PLA.D04.GUAN.01175,Croton sp.,CROTO,UNMEASURED,Never measured in survey campaigns
GUAN,GUAN_005,NEON.PLA.D04.GUAN.05982,Leptocereus quadricostatus (Bello) Britton & Rose,LEQU,UNMEASURED,Never measured in survey campaigns
GUAN,GUAN_001,NEON.PLA.D04.GUAN.04570,Bucida buceras L.,BUBU,UNMEASURED,Never measured in survey campaigns
GUAN,GUAN_058,NEON.PLA.D04.GUAN.09022,Coccothrinax barbadensis (Lodd. ex Mart.) Becc.,COBA3,UNMEASURED,Never measured in survey campaigns
GUAN,GUAN_014,NEON.PLA.D04.GUAN.05733,Pilosocereus royenii (L.) Byles & Rowley,PIRO6,UNMEASURED,Never measured in survey campaigns
GUAN,GUAN_002,NEON.PLA.D04.GUAN.09281,Gymnanthes lucida Sw.,GYLU,UNMEASURED,Never measured in survey campaigns
GUAN,GUAN_061,NEON.PLA.D04.GUAN.00936,Croton sp.,CROTO,UNMEASURED,Never measured in survey campaigns
GUAN,GUAN_011,NEON.PLA.D04.GUAN.09392,Eugenia foetida Pers.,EUFO3,UNMEASURED,Never measured in survey campaigns
GUAN,GUAN_042,NEON.PLA.D04.GUAN.05571,Leptocereus quadricostatus (Bello) Britton & Rose,LEQU,UNMEASURED,Never measured in survey campaigns
GUAN,GUAN_008,NEON.PLA.D04.GUAN.09272,Gymnanthes lucida Sw.,GYLU,UNMEASURED,Never measured in survey campaigns
GUAN,GUAN_060,NEON.PLA.D04.GUAN.03561,Thouinia striata Radlk. var. portoricensis (Radlk.) Votava & Alain,THSTP,UNMEASURED,Never measured in survey campaigns
GUAN,GUAN_046,NEON.PLA.D04.GUAN.09382,Leucothrinax morrisii,LEMO5,UNMEASURED,Never measured in survey campaigns
GUAN,GUAN_044,NEON.PLA.D04.GUAN.05558,Leptocereus quadricostatus (Bello) Britton & Rose,LEQU,UNMEASURED,Never measured in survey campaigns
GUAN,GUAN_044,NEON.PLA.D04.GUAN.05546,Leptocereus quadricostatus (Bello) Britton & Rose,LEQU,UNMEASURED,Never measured in survey campaigns
GUAN,GUAN_059,NEON.PLA.D04.GUAN.09040,Leptocereus quadricostatus (Bello) Britton & Rose,LEQU,UNMEASURED,Never measured in survey campaigns
GUAN,GUAN_060,NEON.PLA.D04.GUAN.03829,Comocladia dodonaea (L.) Urb.,CODO,UNMEASURED,Never measured in survey campaigns
GUAN,GUAN_006,NEON.PLA.D04.GUAN.05971,Leptocereus quadricostatus (Bello) Britton & Rose,LEQU,UNMEASURED,Never measured in survey campaigns
GUAN,GUAN_058,NEON.PLA.D04.GUAN.09020,Coccothrinax barbadensis (Lodd. ex Mart.) Becc.,COBA3,UNMEASURED,Never measured in survey campaigns
GUAN,GUAN_006,NEON.PLA.D04.GUAN.09133,Croton lucidus L.,CRLU2,UNMEASURED,Never measured in survey campaigns
GUAN,GUAN_043,NEON.PLA.D04.GUAN.05938,Leucothrinax morrisii,LEMO5,UNMEASURED,Never measured in survey campaigns
GUAN,GUAN_008,NEON.PLA.D04.GUAN.09176,Gymnanthes lucida Sw.,GYLU,UNMEASURED,Never measured in survey campaigns
GUAN,GUAN_048,NEON.PLA.D04.GUAN.09365,Tabebuia heterophylla (DC.) Britton,TAHE,UNMEASURED,Never measured in survey campaigns
GUAN,GUAN_020,NEON.PLA.D04.GUAN.08940,Pilosocereus royenii (L.) Byles & Rowley,PIRO6,UNMEASURED,Never measured in survey campaigns
GUAN,GUAN_048,NEON.PLA.D04.GUAN.03013,Croton sp.,CROTO,UNMEASURED,Never measured in survey campaigns
GUAN,GUAN_046,NEON.PLA.D04.GUAN.09378,Leucothrinax morrisii,LEMO5,UNMEASURED,Never measured in survey campaigns
GUAN,GUAN_008,NEON.PLA.D04.GUAN.08021,Gymnanthes lucida Sw.,GYLU,UNMEASURED,Never measured in survey campaigns
GUAN,GUAN_011,NEON.PLA.D04.GUAN.06607,Erithalis fruticosa L.,ERFR4,UNMEASURED,Never measured in survey campaigns
GUAN,GUAN_011,NEON.PLA.D04.GUAN.03289B,Pisonia albida (Heimerl) Britton ex Standl.,PIAL3,UNMEASURED,Never measured in survey campaigns
GUAN,GUAN_002,NEON.PLA.D04.GUAN.01558,Distictis lactiflora (Vahl) DC.,DILA10,UNMEASURED,Never measured in survey campaigns
GUAN,GUAN_042,NEON.PLA.D04.GUAN.05548,Leptocereus quadricostatus (Bello) Britton & Rose,LEQU,UNMEASURED,Never measured in survey campaigns
GUAN,GUAN_046,NEON.PLA.D04.GUAN.09383,Leucothrinax morrisii,LEMO5,UNMEASURED,Never measured in survey campaigns
GUAN,GUAN_018,NEON.PLA.D04.GUAN.09120,Leucaena leucocephala (Lam.) de Wit,LELE10,UNMEASURED,Never measured in survey campaigns
GUAN,GUAN_011,NEON.PLA.D04.GUAN.09266,Leucothrinax morrisii,LEMO5,UNMEASURED,Never measured in survey campaigns
GUAN,GUAN_005,NEON.PLA.D04.GUAN.05979,Leptocereus quadricostatus (Bello) Britton & Rose,LEQU,UNMEASURED,Never measured in survey campaigns
GUAN,GUAN_043,NEON.PLA.D04.GUAN.00212,Unknown plant,2PLANT,UNMEASURED,Never measured in survey campaigns
GUAN,GUAN_014,NEON.PLA.D04.GUAN.08965,Pilosocereus royenii (L.) Byles & Rowley,PIRO6,UNMEASURED,Never measured in survey campaigns
GUAN,GUAN_044,NEON.PLA.D04.GUAN.05554,Leptocereus quadricostatus (Bello) Britton & Rose,LEQU,UNMEASURED,Never measured in survey campaigns
GUAN,GUAN_004,NEON.PLA.D04.GUAN.09190,Gymnanthes lucida Sw.,GYLU,UNMEASURED,Never measured in survey campaigns
GUAN,GUAN_042,NEON.PLA.D04.GUAN.08024,Leptocereus quadricostatus (Bello) Britton & Rose,LEQU,UNMEASURED,Never measured in survey campaigns
GUAN,GUAN_020,NEON.PLA.D04.GUAN.08922,Pilosocereus royenii (L.) Byles & Rowley,PIRO6,UNMEASURED,Never measured in survey campaigns
GUAN,GUAN_044,NEON.PLA.D04.GUAN.03085,Randia aculeata L.,RAAC,UNMEASURED,Never measured in survey campaigns
GUAN,GUAN_042,NEON.PLA.D04.GUAN.08057,Leptocereus quadricostatus (Bello) Britton & Rose,LEQU,UNMEASURED,Never measured in survey campaigns
GUAN,GUAN_058,NEON.PLA.D04.GUAN.01078,Unknown plant,2PLANT,UNMEASURED,Never measured in survey campaigns
GUAN,GUAN_052,NEON.PLA.D04.GUAN.00446,Fabaceae sp.,FABACE,UNMEASURED,Never measured in survey campaigns
GUAN,GUAN_003,NEON.PLA.D04.GUAN.05524,Leptocereus quadricostatus (Bello) Britton & Rose,LEQU,UNMEASURED,Never measured in survey campaigns
GUAN,GUAN_008,NEON.PLA.D04.GUAN.09271,Eugenia foetida Pers.,EUFO3,UNMEASURED,Never measured in survey campaigns
GUAN,GUAN_011,NEON.PLA.D04.GUAN.09800,Eugenia foetida Pers.,EUFO3,UNMEASURED,Never measured in survey campaigns
GUAN,GUAN_011,NEON.PLA.D04.GUAN.09150,Leucothrinax morrisii,LEMO5,UNMEASURED,Never measured in survey campaigns
GUAN,GUAN_055,NEON.PLA.D04.GUAN.08588,Coccothrinax barbadensis (Lodd. ex Mart.) Becc.,COBA3,UNMEASURED,Never measured in survey campaigns
GUAN,GUAN_055,NEON.PLA.D04.GUAN.08591,Leucothrinax morrisii,LEMO5,UNMEASURED,Never measured in survey campaigns
GUAN,GUAN_049,NEON.PLA.D04.GUAN.08839,Leptocereus quadricostatus (Bello) Britton & Rose,LEQU,UNMEASURED,Never measured in survey campaigns
GUAN,GUAN_019,NEON.PLA.D04.GUAN.03228,Tabebuia heterophylla (DC.) Britton,TAHE,UNMEASURED,Never measured in survey campaigns
GUAN,GUAN_006,NEON.PLA.D04.GUAN.05954,Leptocereus quadricostatus (Bello) Britton & Rose,LEQU,UNMEASURED,Never measured in survey campaigns
GUAN,GUAN_061,NEON.PLA.D04.GUAN.00908,Gymnanthes lucida Sw.,GYLU,UNMEASURED,Never measured in survey campaigns
GUAN,GUAN_007,NEON.PLA.D04.GUAN.02517,Unknown plant,2PLANT,UNMEASURED,Never measured in survey campaigns
GUAN,GUAN_060,NEON.PLA.D04.GUAN.03515,Unknown plant,2PLANT,UNMEASURED,Never measured in survey campaigns
GUAN,GUAN_003,NEON.PLA.D04.GUAN.09375Z,Bucida buceras L.,BUBU,UNMEASURED,Never measured in survey campaigns
GUAN,GUAN_049,NEON.PLA.D04.GUAN.08858,Leptocereus quadricostatus (Bello) Britton & Rose,LEQU,UNMEASURED,Never measured in survey campaigns
GUAN,GUAN_015,NEON.PLA.D04.GUAN.09290,Krugiodendron ferreum (Vahl) Urb.,KRFE,UNMEASURED,Never measured in survey campaigns
GUAN,GUAN_043,NEON.PLA.D04.GUAN.00317,Amyris elemifera L.,AMEL,UNMEASURED,Never measured in survey campaigns
GUAN,GUAN_011,NEON.PLA.D04.GUAN.09349,Crossopetalum rhacoma Crantz,CRRH,UNMEASURED,Never measured in survey campaigns
GUAN,GUAN_011,NEON.PLA.D04.GUAN.09147,Leucothrinax morrisii,LEMO5,UNMEASURED,Never measured in survey campaigns
GUAN,GUAN_006,NEON.PLA.D04.GUAN.05955,Leptocereus quadricostatus (Bello) Britton & Rose,LEQU,UNMEASURED,Never measured in survey campaigns
GUAN,GUAN_049,NEON.PLA.D04.GUAN.08520,Leptocereus quadricostatus (Bello) Britton & Rose,LEQU,UNMEASURED,Never measured in survey campaigns
GUAN,GUAN_005,NEON.PLA.D04.GUAN.05970,Leptocereus quadricostatus (Bello) Britton & Rose,LEQU,UNMEASURED,Never measured in survey campaigns
GUAN,GUAN_011,NEON.PLA.D04.GUAN.09295,Eugenia foetida Pers.,EUFO3,UNMEASURED,Never measured in survey campaigns
GUAN,GUAN_011,NEON.PLA.D04.GUAN.09261,Leucothrinax morrisii,LEMO5,UNMEASURED,Never measured in survey campaigns
GUAN,GUAN_044,NEON.PLA.D04.GUAN.05568,Leptocereus quadricostatus (Bello) Britton & Rose,LEQU,UNMEASURED,Never measured in survey campaigns
GUAN,GUAN_006,NEON.PLA.D04.GUAN.09124,Gymnanthes lucida Sw.,GYLU,UNMEASURED,Never measured in survey campaigns
GUAN,GUAN_045,NEON.PLA.D04.GUAN.09017,Machaonia portoricensis Baill.,MAPO6,UNMEASURED,Never measured in survey campaigns
GUAN,GUAN_002,NEON.PLA.D04.GUAN.09283,Gymnanthes lucida Sw.,GYLU,UNMEASURED,Never measured in survey campaigns
GUAN,GUAN_014,NEON.PLA.D04.GUAN.09344,Eugenia foetida Pers.,EUFO3,UNMEASURED,Never measured in survey campaigns
GUAN,GUAN_042,NEON.PLA.D04.GUAN.08006,Leptocereus quadricostatus (Bello) Britton & Rose,LEQU,UNMEASURED,Never measured in survey campaigns
GUAN,GUAN_045,NEON.PLA.D04.GUAN.09372,Gymnanthes lucida Sw.,GYLU,UNMEASURED,Never measured in survey campaigns
GUAN,GUAN_044,NEON.PLA.D04.GUAN.05559,Leptocereus quadricostatus (Bello) Britton & Rose,LEQU,UNMEASURED,Never measured in survey campaigns
GUAN,GUAN_058,NEON.PLA.D04.GUAN.09028,Coccothrinax barbadensis (Lodd. ex Mart.) Becc.,COBA3,UNMEASURED,Never measured in survey campaigns
GUAN,GUAN_049,NEON.PLA.D04.GUAN.05937,Leptocereus quadricostatus (Bello) Britton & Rose,LEQU,UNMEASURED,Never measured in survey campaigns
GUAN,GUAN_004,NEON.PLA.D04.GUAN.08882,Pilosocereus royenii (L.) Byles & Rowley,PIRO6,UNMEASURED,Never measured in survey campaigns
GUAN,GUAN_045,NEON.PLA.D04.GUAN.02624,Unknown plant,2PLANT,UNMEASURED,Never measured in survey campaigns
GUAN,GUAN_052,NEON.PLA.D04.GUAN.00450,Unknown plant,2PLANT,UNMEASURED,Never measured in survey campaigns
GUAN,GUAN_018,NEON.PLA.D04.GUAN.05683,Leptocereus quadricostatus (Bello) Britton & Rose,LEQU,UNMEASURED,Never measured in survey campaigns
GUAN,GUAN_011,NEON.PLA.D04.GUAN.09156,Gymnanthes lucida Sw.,GYLU,UNMEASURED,Never measured in survey campaigns
GUAN,GUAN_015,NEON.PLA.D04.GUAN.09289,Krugiodendron ferreum (Vahl) Urb.,KRFE,UNMEASURED,Never measured in survey campaigns
GUAN,GUAN_049,NEON.PLA.D04.GUAN.08864,Leptocereus quadricostatus (Bello) Britton & Rose,LEQU,UNMEASURED,Never measured in survey campaigns
GUAN,GUAN_060,NEON.PLA.D04.GUAN.09397,Leptocereus quadricostatus (Bello) Britton & Rose,LEQU,UNMEASURED,Never measured in survey campaigns
GUAN,GUAN_044,NEON.PLA.D04.GUAN.05573,Pilosocereus royenii (L.) Byles & Rowley,PIRO6,UNMEASURED,Never measured in survey campaigns
GUAN,GUAN_002,NEON.PLA.D04.GUAN.09004,Gymnanthes lucida Sw.,GYLU,UNMEASURED,Never measured in survey campaigns
GUAN,GUAN_058,NEON.PLA.D04.GUAN.08721,Coccothrinax barbadensis (Lodd. ex Mart.) Becc.,COBA3,UNMEASURED,Never measured in survey campaigns
GUAN,GUAN_042,NEON.PLA.D04.GUAN.08045,Leptocereus quadricostatus (Bello) Britton & Rose,LEQU,UNMEASURED,Never measured in survey campaigns
GUAN,GUAN_008,NEON.PLA.D04.GUAN.09174,Eugenia foetida Pers.,EUFO3,UNMEASURED,Never measured in survey campaigns
GUAN,GUAN_014,NEON.PLA.D04.GUAN.09118,Reynosia uncinata Urb.,REUN,UNMEASURED,Never measured in survey campaigns
GUAN,GUAN_008,NEON.PLA.D04.GUAN.09287,Tabebuia heterophylla (DC.) Britton,TAHE,UNMEASURED,Never measured in survey campaigns
GUAN,GUAN_049,NEON.PLA.D04.GUAN.05744,Leptocereus quadricostatus (Bello) Britton & Rose,LEQU,UNMEASURED,Never measured in survey campaigns
GUAN,GUAN_042,NEON.PLA.D04.GUAN.08060,Leptocereus quadricostatus (Bello) Britton & Rose,LEQU,UNMEASURED,Never measured in survey campaigns
GUAN,GUAN_042,NEON.PLA.D04.GUAN.05550,Leptocereus quadricostatus (Bello) Britton & Rose,LEQU,UNMEASURED,Never measured in survey campaigns
GUAN,GUAN_043,NEON.PLA.D04.GUAN.05940,Leucothrinax morrisii,LEMO5,UNMEASURED,Never measured in survey campaigns
GUAN,GUAN_048,NEON.PLA.D04.GUAN.03355,Unknown plant,2PLANT,UNMEASURED,Never measured in survey campaigns
GUAN,GUAN_049,NEON.PLA.D04.GUAN.08838,Leptocereus quadricostatus (Bello) Britton & Rose,LEQU,UNMEASURED,Never measured in survey campaigns
GUAN,GUAN_002,NEON.PLA.D04.GUAN.09195,Gymnanthes lucida Sw.,GYLU,UNMEASURED,Never measured in survey campaigns
GUAN,GUAN_042,NEON.PLA.D04.GUAN.08056,Leptocereus quadricostatus (Bello) Britton & Rose,LEQU,UNMEASURED,Never measured in survey campaigns
GUAN,GUAN_043,NEON.PLA.D04.GUAN.00035,Unknown plant,2PLANT,UNMEASURED,Never measured in survey campaigns
GUAN,GUAN_008,NEON.PLA.D04.GUAN.09180,Gymnanthes lucida Sw.,GYLU,UNMEASURED,Never measured in survey campaigns
GUAN,GUAN_011,NEON.PLA.D04.GUAN.09136,Leucothrinax morrisii,LEMO5,UNMEASURED,Never measured in survey campaigns
GUAN,GUAN_061,NEON.PLA.D04.GUAN.00892,Croton sp.,CROTO,UNMEASURED,Never measured in survey campaigns
GUAN,GUAN_003,NEON.PLA.D04.GUAN.09316,Krugiodendron ferreum (Vahl) Urb.,KRFE,UNMEASURED,Never measured in survey campaigns
GUAN,GUAN_012,NEON.PLA.D04.GUAN.08942,Gymnanthes lucida Sw.,GYLU,UNMEASURED,Never measured in survey campaigns
GUAN,GUAN_042,NEON.PLA.D04.GUAN.08053,Leptocereus quadricostatus (Bello) Britton & Rose,LEQU,UNMEASURED,Never measured in survey campaigns
GUAN,GUAN_042,NEON.PLA.D04.GUAN.05563,Leptocereus quadricostatus (Bello) Britton & Rose,LEQU,UNMEASURED,Never measured in survey campaigns
GUAN,GUAN_014,NEON.PLA.D04.GUAN.05724,Pilosocereus royenii (L.) Byles & Rowley,PIRO6,UNMEASURED,Never measured in survey campaigns
GUAN,GUAN_044,NEON.PLA.D04.GUAN.05540,Leptocereus quadricostatus (Bello) Britton & Rose,LEQU,UNMEASURED,Never measured in survey campaigns
GUAN,GUAN_058,NEON.PLA.D04.GUAN.09025,Coccothrinax barbadensis (Lodd. ex Mart.) Becc.,COBA3,UNMEASURED,Never measured in survey campaigns
GUAN,GUAN_005,NEON.PLA.D04.GUAN.05960,Leptocereus quadricostatus (Bello) Britton & Rose,LEQU,UNMEASURED,Never measured in survey campaigns
GUAN,GUAN_054,NEON.PLA.D04.GUAN.00606,Unknown plant,2PLANT,UNMEASURED,Never measured in survey campaigns
GUAN,GUAN_011,NEON.PLA.D04.GUAN.04943,Gymnanthes lucida Sw.,GYLU,UNMEASURED,Never measured in survey campaigns
GUAN,GUAN_049,NEON.PLA.D04.GUAN.08859,Leptocereus quadricostatus (Bello) Britton & Rose,LEQU,UNMEASURED,Never measured in survey campaigns
GUAN,GUAN_010,NEON.PLA.D04.GUAN.09381,Reynosia vivesiana Trejo,NEON-REVI,UNMEASURED,Never measured in survey campaigns
GUAN,GUAN_011,NEON.PLA.D04.GUAN.09145,Leucothrinax morrisii,LEMO5,UNMEASURED,Never measured in survey campaigns
GUAN,GUAN_053,NEON.PLA.D04.GUAN.09355,Guettarda krugii Urb.,GUKR,UNMEASURED,Never measured in survey campaigns
GUAN,GUAN_058,NEON.PLA.D04.GUAN.08709,Coccothrinax barbadensis (Lodd. ex Mart.) Becc.,COBA3,UNMEASURED,Never measured in survey campaigns
GUAN,GUAN_001,NEON.PLA.D04.GUAN.04506,Unknown plant,2PLANT,UNMEASURED,Never measured in survey campaigns
GUAN,GUAN_042,NEON.PLA.D04.GUAN.08062,Leptocereus quadricostatus (Bello) Britton & Rose,LEQU,UNMEASURED,Never measured in survey campaigns
GUAN,GUAN_061,NEON.PLA.D04.GUAN.00938,Unknown plant,2PLANT,UNMEASURED,Never measured in survey campaigns
GUAN,GUAN_006,NEON.PLA.D04.GUAN.09131,Croton lucidus L.,CRLU2,UNMEASURED,Never measured in survey campaigns
GUAN,GUAN_005,NEON.PLA.D04.GUAN.09269,Leptocereus quadricostatus (Bello) Britton & Rose,LEQU,UNMEASURED,Never measured in survey campaigns
GUAN,GUAN_042,NEON.PLA.D04.GUAN.09196,Capparis indica (L.) Druce,CAIN5,UNMEASURED,Never measured in survey campaigns
GUAN,GUAN_008,NEON.PLA.D04.GUAN.09270,Eugenia foetida Pers.,EUFO3,UNMEASURED,Never measured in survey campaigns
GUAN,GUAN_008,NEON.PLA.D04.GUAN.09183,Distictis lactiflora (Vahl) DC.,DILA10,UNMEASURED,Never measured in survey campaigns
GUAN,GUAN_008,NEON.PLA.D04.GUAN.09173,Bursera simaruba (L.) Sarg.,BUSI,UNMEASURED,Never measured in survey campaigns
GUAN,GUAN_046,NEON.PLA.D04.GUAN.09373,Leucothrinax morrisii,LEMO5,UNMEASURED,Never measured in survey campaigns
GUAN,GUAN_020,NEON.PLA.D04.GUAN.09152,Croton discolor Willd.,CRDI8,UNMEASURED,Never measured in survey campaigns
GUAN,GUAN_008,NEON.PLA.D04.GUAN.09179,Gymnanthes lucida Sw.,GYLU,UNMEASURED,Never measured in survey campaigns
GUAN,GUAN_003,NEON.PLA.D04.GUAN.05506,Leptocereus quadricostatus (Bello) Britton & Rose,LEQU,UNMEASURED,Never measured in survey campaigns
GUAN,GUAN_012,NEON.PLA.D04.GUAN.08580,Gymnanthes lucida Sw.,GYLU,UNMEASURED,Never measured in survey campaigns
GUAN,GUAN_060,NEON.PLA.D04.GUAN.09390,Leptocereus quadricostatus (Bello) Britton & Rose,LEQU,UNMEASURED,Never measured in survey campaigns
GUAN,GUAN_005,NEON.PLA.D04.GUAN.05980,Leptocereus quadricostatus (Bello) Britton & Rose,LEQU,UNMEASURED,Never measured in survey campaigns
GUAN,GUAN_042,NEON.PLA.D04.GUAN.08034,Leptocereus quadricostatus (Bello) Britton & Rose,LEQU,UNMEASURED,Never measured in survey campaigns
GUAN,GUAN_049,NEON.PLA.D04.GUAN.08535,Leptocereus quadricostatus (Bello) Britton & Rose,LEQU,UNMEASURED,Never measured in survey campaigns
GUAN,GUAN_014,NEON.PLA.D04.GUAN.05763,Pilosocereus royenii (L.) Byles & Rowley,PIRO6,UNMEASURED,Never measured in survey campaigns
GUAN,GUAN_016,NEON.PLA.D04.GUAN.09268,Krugiodendron ferreum (Vahl) Urb.,KRFE,UNMEASURED,Never measured in survey campaigns
GUAN,GUAN_008,NEON.PLA.D04.GUAN.04303,Thouinia striata Radlk. var. portoricensis (Radlk.) Votava & Alain,THSTP,UNMEASURED,Never measured in survey campaigns
GUAN,GUAN_005,NEON.PLA.D04.GUAN.05943,Leptocereus quadricostatus (Bello) Britton & Rose,LEQU,UNMEASURED,Never measured in survey campaigns
GUAN,GUAN_043,NEON.PLA.D04.GUAN.00273,Unknown plant,2PLANT,UNMEASURED,Never measured in survey campaigns
GUAN,GUAN_042,NEON.PLA.D04.GUAN.08046,Leptocereus quadricostatus (Bello) Britton & Rose,LEQU,UNMEASURED,Never measured in survey campaigns
GUAN,GUAN_008,NEON.PLA.D04.GUAN.09185,Coccoloba microstachya Willd.,COMI,UNMEASURED,Never measured in survey campaigns
GUAN,GUAN_047,NEON.PLA.D04.GUAN.08818,Leucothrinax morrisii,LEMO5,UNMEASURED,Never measured in survey campaigns
GUAN,GUAN_020,NEON.PLA.D04.GUAN.08954,Pilosocereus royenii (L.) Byles & Rowley,PIRO6,UNMEASURED,Never measured in survey campaigns
GUAN,GUAN_049,NEON.PLA.D04.GUAN.08652,Leptocereus quadricostatus (Bello) Britton & Rose,LEQU,UNMEASURED,Never measured in survey campaigns
GUAN,GUAN_057,NEON.PLA.D04.GUAN.00918,Leucaena leucocephala (Lam.) de Wit,LELE10,UNMEASURED,Never measured in survey campaigns
GUAN,GUAN_046,NEON.PLA.D04.GUAN.09379,Leucothrinax morrisii,LEMO5,UNMEASURED,Never measured in survey campaigns
GUAN,GUAN_047,NEON.PLA.D04.GUAN.08816,Leucothrinax morrisii,LEMO5,UNMEASURED,Never measured in survey campaigns
GUAN,GUAN_003,NEON.PLA.D04.GUAN.09404,Leptocereus quadricostatus (Bello) Britton & Rose,LEQU,UNMEASURED,Never measured in survey campaigns
GUAN,GUAN_060,NEON.PLA.D04.GUAN.03704,Unknown plant,2PLANT,UNMEASURED,Never measured in survey campaigns
GUAN,GUAN_005,NEON.PLA.D04.GUAN.04016,Unknown plant,2PLANT,UNMEASURED,Never measured in survey campaigns
GUAN,GUAN_019,NEON.PLA.D04.GUAN.09160,Gymnanthes lucida Sw.,GYLU,UNMEASURED,Never measured in survey campaigns
GUAN,GUAN_058,NEON.PLA.D04.GUAN.08772,Coccothrinax barbadensis (Lodd. ex Mart.) Becc.,COBA3,UNMEASURED,Never measured in survey campaigns
GUAN,GUAN_042,NEON.PLA.D04.GUAN.08055,Leptocereus quadricostatus (Bello) Britton & Rose,LEQU,UNMEASURED,Never measured in survey campaigns
GUAN,GUAN_043,NEON.PLA.D04.GUAN.00322,Eugenia rhombea (Berg) Krug & Urb.,EURH,UNMEASURED,Never measured in survey campaigns
GUAN,GUAN_020,NEON.PLA.D04.GUAN.05887,Pilosocereus royenii (L.) Byles & Rowley,PIRO6,UNMEASURED,Never measured in survey campaigns
GUAN,GUAN_014,NEON.PLA.D04.GUAN.05900,Pilosocereus royenii (L.) Byles & Rowley,PIRO6,UNMEASURED,Never measured in survey campaigns
GUAN,GUAN_017,NEON.PLA.D04.GUAN.09352,Cassine xylocarpa Vent.,CAXY,UNMEASURED,Never measured in survey campaigns
GUAN,GUAN_059,NEON.PLA.D04.GUAN.09041,Leptocereus quadricostatus (Bello) Britton & Rose,LEQU,UNMEASURED,Never measured in survey campaigns
GUAN,GUAN_001,NEON.PLA.D04.GUAN.03298,Unknown plant,2PLANT,UNMEASURED,Never measured in survey campaigns
GUAN,GUAN_009,NEON.PLA.D04.GUAN.08785Z,Acacia farnesiana (L.) Willd.,ACFA,UNMEASURED,Never measured in survey campaigns
GUAN,GUAN_011,NEON.PLA.D04.GUAN.09370,Gymnanthes lucida Sw.,GYLU,UNMEASURED,Never measured in survey campaigns
GUAN,GUAN_006,NEON.PLA.D04.GUAN.09111,Croton lucidus L.,CRLU2,UNMEASURED,Never measured in survey campaigns
GUAN,GUAN_053,NEON.PLA.D04.GUAN.03722,Gymnanthes lucida Sw.,GYLU,UNMEASURED,Never measured in survey campaigns
GUAN,GUAN_043,NEON.PLA.D04.GUAN.05986,Leucothrinax morrisii,LEMO5,UNMEASURED,Never measured in survey campaigns
GUAN,GUAN_049,NEON.PLA.D04.GUAN.08514,Leptocereus quadricostatus (Bello) Britton & Rose,LEQU,UNMEASURED,Never measured in survey campaigns
GUAN,GUAN_013,NEON.PLA.D04.GUAN.09117,Croton lucidus L.,CRLU2,UNMEASURED,Never measured in survey campaigns
GUAN,GUAN_053,NEON.PLA.D04.GUAN.09356,Pithecellobium unguis-cati (L.) Benth.,PIUN,UNMEASURED,Never measured in survey campaigns
GUAN,GUAN_011,NEON.PLA.D04.GUAN.09260,Leucothrinax morrisii,LEMO5,UNMEASURED,Never measured in survey campaigns
GUAN,GUAN_014,NEON.PLA.D04.GUAN.05794,Pilosocereus royenii (L.) Byles & Rowley,PIRO6,UNMEASURED,Never measured in survey campaigns
GUAN,GUAN_005,NEON.PLA.D04.GUAN.04173,Sideroxylon obovatum Lam.,SIOB,UNMEASURED,Never measured in survey campaigns
GUAN,GUAN_058,NEON.PLA.D04.GUAN.09023,Coccothrinax barbadensis (Lodd. ex Mart.) Becc.,COBA3,UNMEASURED,Never measured in survey campaigns
GUAN,GUAN_046,NEON.PLA.D04.GUAN.03843A,Schaefferia frutescens Jacq.,SCFR,UNMEASURED,Never measured in survey campaigns
GUAN,GUAN_049,NEON.PLA.D04.GUAN.05927,Leptocereus quadricostatus (Bello) Britton & Rose,LEQU,UNMEASURED,Never measured in survey campaigns
GUAN,GUAN_058,NEON.PLA.D04.GUAN.09019,Coccothrinax barbadensis (Lodd. ex Mart.) Becc.,COBA3,UNMEASURED,Never measured in survey campaigns
GUAN,GUAN_005,NEON.PLA.D04.GUAN.05984,Leptocereus quadricostatus (Bello) Britton & Rose,LEQU,UNMEASURED,Never measured in survey campaigns
GUAN,GUAN_003,NEON.PLA.D04.GUAN.09406,Leptocereus quadricostatus (Bello) Britton & Rose,LEQU,UNMEASURED,Never measured in survey campaigns
GUAN,GUAN_042,NEON.PLA.D04.GUAN.02601,Unknown plant,2PLANT,UNMEASURED,Never measured in survey campaigns
GUAN,GUAN_053,NEON.PLA.D04.GUAN.09369,Turnera diffusa Willd. ex Schult.,TUDI,UNMEASURED,Never measured in survey campaigns
GUAN,GUAN_010,NEON.PLA.D04.GUAN.09197,Erythroxylum rotundifolium Lunan,ERRO3,UNMEASURED,Never measured in survey campaigns
GUAN,GUAN_045,NEON.PLA.D04.GUAN.03879,Unknown plant,2PLANT,UNMEASURED,Never measured in survey campaigns
GUAN,GUAN_042,NEON.PLA.D04.GUAN.05562,Leptocereus quadricostatus (Bello) Britton & Rose,LEQU,UNMEASURED,Never measured in survey campaigns
GUAN,GUAN_058,NEON.PLA.D04.GUAN.09024,Coccothrinax barbadensis (Lodd. ex Mart.) Becc.,COBA3,UNMEASURED,Never measured in survey campaigns
GUAN,GUAN_012,NEON.PLA.D04.GUAN.08623,Gymnanthes lucida Sw.,GYLU,UNMEASURED,Never measured in survey campaigns
GUAN,GUAN_013,NEON.PLA.D04.GUAN.09256,Bursera simaruba (L.) Sarg.,BUSI,UNMEASURED,Never measured in survey campaigns
GUAN,GUAN_006,NEON.PLA.D04.GUAN.09109,Croton lucidus L.,CRLU2,UNMEASURED,Never measured in survey campaigns
GUAN,GUAN_014,NEON.PLA.D04.GUAN.05729,Pilosocereus royenii (L.) Byles & Rowley,PIRO6,UNMEASURED,Never measured in survey campaigns
GUAN,GUAN_003,NEON.PLA.D04.GUAN.02239,Coccoloba diversifolia Jacq.,CODI8,UNMEASURED,Never measured in survey campaigns
GUAN,GUAN_001,NEON.PLA.D04.GUAN.04527,Unknown plant,2PLANT,UNMEASURED,Never measured in survey campaigns
GUAN,GUAN_055,NEON.PLA.D04.GUAN.08956,Coccothrinax barbadensis (Lodd. ex Mart.) Becc.,COBA3,UNMEASURED,Never measured in survey campaigns
GUAN,GUAN_058,NEON.PLA.D04.GUAN.09036,Coccothrinax barbadensis (Lodd. ex Mart.) Becc.,COBA3,UNMEASURED,Never measured in survey campaigns
GUAN,GUAN_017,NEON.PLA.D04.GUAN.05659,Pilosocereus royenii (L.) Byles & Rowley,PIRO6,UNMEASURED,Never measured in survey campaigns
GUAN,GUAN_016,NEON.PLA.D04.GUAN.04208E,Pisonia albida (Heimerl) Britton ex Standl.,PIAL3,UNMEASURED,Never measured in survey campaigns
GUAN,GUAN_042,NEON.PLA.D04.GUAN.08065,Leptocereus quadricostatus (Bello) Britton & Rose,LEQU,UNMEASURED,Never measured in survey campaigns
GUAN,GUAN_005,NEON.PLA.D04.GUAN.05946,Leptocereus quadricostatus (Bello) Britton & Rose,LEQU,UNMEASURED,Never measured in survey campaigns
GUAN,GUAN_058,NEON.PLA.D04.GUAN.08717,Coccothrinax barbadensis (Lodd. ex Mart.) Becc.,COBA3,UNMEASURED,Never measured in survey campaigns
GUAN,GUAN_008,NEON.PLA.D04.GUAN.09317,Gymnanthes lucida Sw.,GYLU,UNMEASURED,Never measured in survey campaigns
GUAN,GUAN_050,NEON.PLA.D04.GUAN.02581,Unknown plant,2PLANT,UNMEASURED,Never measured in survey campaigns
GUAN,GUAN_011,NEON.PLA.D04.GUAN.06606,Erithalis fruticosa L.,ERFR4,UNMEASURED,Never measured in survey campaigns
GUAN,GUAN_059,NEON.PLA.D04.GUAN.08703,Consolea spp.,CONSO2SPP,UNMEASURED,Never measured in survey campaigns
GUAN,GUAN_011,NEON.PLA.D04.GUAN.09158,Eugenia foetida Pers.,EUFO3,UNMEASURED,Never measured in survey campaigns
GUAN,GUAN_058,NEON.PLA.D04.GUAN.09018,Coccothrinax barbadensis (Lodd. ex Mart.) Becc.,COBA3,UNMEASURED,Never measured in survey campaigns
GUAN,GUAN_003,NEON.PLA.D04.GUAN.09403,Leptocereus quadricostatus (Bello) Britton & Rose,LEQU,UNMEASURED,Never measured in survey campaigns
GUAN,GUAN_059,NEON.PLA.D04.GUAN.09060,Leptocereus quadricostatus (Bello) Britton & Rose,LEQU,UNMEASURED,Never measured in survey campaigns
GUAN,GUAN_042,NEON.PLA.D04.GUAN.08022,Leptocereus quadricostatus (Bello) Britton & Rose,LEQU,UNMEASURED,Never measured in survey campaigns
GUAN,GUAN_020,NEON.PLA.D04.GUAN.08952,Pilosocereus royenii (L.) Byles & Rowley,PIRO6,UNMEASURED,Never measured in survey campaigns
GUAN,GUAN_012,NEON.PLA.D04.GUAN.08617,Unknown plant,2PLANT,UNMEASURED,Never measured in survey campaigns
GUAN,GUAN_015,NEON.PLA.D04.GUAN.09267,Amyris elemifera L.,AMEL,UNMEASURED,Never measured in survey campaigns
GUAN,GUAN_003,NEON.PLA.D04.GUAN.05530,Leptocereus quadricostatus (Bello) Britton & Rose,LEQU,UNMEASURED,Never measured in survey campaigns
GUAN,GUAN_061,NEON.PLA.D04.GUAN.09026,Hylocereus trigonus (Haw.) Saff.,HYTR2,UNMEASURED,Never measured in survey campaigns
GUAN,GUAN_043,NEON.PLA.D04.GUAN.05891,Leucothrinax morrisii,LEMO5,UNMEASURED,Never measured in survey campaigns
GUAN,GUAN_020,NEON.PLA.D04.GUAN.08953,Pilosocereus royenii (L.) Byles & Rowley,PIRO6,UNMEASURED,Never measured in survey campaigns
GUAN,GUAN_047,NEON.PLA.D04.GUAN.08819,Leucothrinax morrisii,LEMO5,UNMEASURED,Never measured in survey campaigns
GUAN,GUAN_011,NEON.PLA.D04.GUAN.03206,Gymnanthes lucida Sw.,GYLU,UNMEASURED,Never measured in survey campaigns
GUAN,GUAN_004,NEON.PLA.D04.GUAN.08788Z,Pictetia aculeata (Vahl) Urb.,PIAC,UNMEASURED,Never measured in survey campaigns
GUAN,GUAN_059,NEON.PLA.D04.GUAN.09044,Opuntia sp.,OPUNT,UNMEASURED,Never measured in survey campaigns
GUAN,GUAN_003,NEON.PLA.D04.GUAN.09377,Krugiodendron ferreum (Vahl) Urb.,KRFE,UNMEASURED,Never measured in survey campaigns
GUAN,GUAN_008,NEON.PLA.D04.GUAN.09171,Gymnanthes lucida Sw.,GYLU,UNMEASURED,Never measured in survey campaigns
GUAN,GUAN_045,NEON.PLA.D04.GUAN.08031,Pilosocereus royenii (L.) Byles & Rowley,PIRO6,UNMEASURED,Never measured in survey campaigns
GUAN,GUAN_011,NEON.PLA.D04.GUAN.09148,Leucothrinax morrisii,LEMO5,UNMEASURED,Never measured in survey campaigns
GUAN,GUAN_044,NEON.PLA.D04.GUAN.05556,Leptocereus quadricostatus (Bello) Britton & Rose,LEQU,UNMEASURED,Never measured in survey campaigns
GUAN,GUAN_010,NEON.PLA.D04.GUAN.09376,Erithalis fruticosa L.,ERFR4,UNMEASURED,Never measured in survey campaigns
GUAN,GUAN_059,NEON.PLA.D04.GUAN.03372,Serjania polyphylla (L.) Radlk.,SEPO4,UNMEASURED,Never measured in survey campaigns
GUAN,GUAN_060,NEON.PLA.D04.GUAN.03557,Unknown plant,2PLANT,UNMEASURED,Never measured in survey campaigns
GUAN,GUAN_015,NEON.PLA.D04.GUAN.09357,Colubrina arborescens (Mill.) Sarg.,COAR3,UNMEASURED,Never measured in survey campaigns
GUAN,GUAN_005,NEON.PLA.D04.GUAN.05968,Leptocereus quadricostatus (Bello) Britton & Rose,LEQU,UNMEASURED,Never measured in survey campaigns
GUAN,GUAN_008,NEON.PLA.D04.GUAN.09177,Gymnanthes lucida Sw.,GYLU,UNMEASURED,Never measured in survey campaigns
GUAN,GUAN_020,NEON.PLA.D04.GUAN.08919,Pilosocereus royenii (L.) Byles & Rowley,PIRO6,UNMEASURED,Never measured in survey campaigns
GUAN,GUAN_014,NEON.PLA.D04.GUAN.05765,Pilosocereus royenii (L.) Byles & Rowley,PIRO6,UNMEASURED,Never measured in survey campaigns
GUAN,GUAN_051,NEON.PLA.D04.GUAN.01523,Amyris elemifera L.,AMEL,UNMEASURED,Never measured in survey campaigns
GUAN,GUAN_011,NEON.PLA.D04.GUAN.09308,Eugenia foetida Pers.,EUFO3,UNMEASURED,Never measured in survey campaigns
GUAN,GUAN_019,NEON.PLA.D04.GUAN.09163,Zanthoxylum flavum Vahl,ZAFL,UNMEASURED,Never measured in survey campaigns
GUAN,GUAN_042,NEON.PLA.D04.GUAN.05999A,Bucida buceras L.,BUBU,UNMEASURED,Never measured in survey campaigns
GUAN,GUAN_059,NEON.PLA.D04.GUAN.03078,Unknown plant,2PLANT,UNMEASURED,Never measured in survey campaigns
GUAN,GUAN_011,NEON.PLA.D04.GUAN.09144,Leucothrinax morrisii,LEMO5,UNMEASURED,Never measured in survey campaigns
GUAN,GUAN_011,NEON.PLA.D04.GUAN.09259,Leucothrinax morrisii,LEMO5,UNMEASURED,Never measured in survey campaigns
GUAN,GUAN_013,NEON.PLA.D04.GUAN.09107,Gymnanthes lucida Sw.,GYLU,UNMEASURED,Never measured in survey campaigns
GUAN,GUAN_049,NEON.PLA.D04.GUAN.08784,Leptocereus quadricostatus (Bello) Britton & Rose,LEQU,UNMEASURED,Never measured in survey campaigns
GUAN,GUAN_020,NEON.PLA.D04.GUAN.08945,Pilosocereus royenii (L.) Byles & Rowley,PIRO6,UNMEASURED,Never measured in survey campaigns
GUAN,GUAN_049,NEON.PLA.D04.GUAN.01335,Unknown plant,2PLANT,UNMEASURED,Never measured in survey campaigns
GUAN,GUAN_046,NEON.PLA.D04.GUAN.09374,Leucothrinax morrisii,LEMO5,UNMEASURED,Never measured in survey campaigns
GUAN,GUAN_042,NEON.PLA.D04.GUAN.09409,Leptocereus quadricostatus (Bello) Britton & Rose,LEQU,UNMEASURED,Never measured in survey campaigns
GUAN,GUAN_003,NEON.PLA.D04.GUAN.08001,Leptocereus quadricostatus (Bello) Britton & Rose,LEQU,UNMEASURED,Never measured in survey campaigns
GUAN,GUAN_049,NEON.PLA.D04.GUAN.08837,Leptocereus quadricostatus (Bello) Britton & Rose,LEQU,UNMEASURED,Never measured in survey campaigns
GUAN,GUAN_018,NEON.PLA.D04.GUAN.09187,Eugenia foetida Pers.,EUFO3,UNMEASURED,Never measured in survey campaigns
GUAN,GUAN_059,NEON.PLA.D04.GUAN.09039,Leptocereus quadricostatus (Bello) Britton & Rose,LEQU,UNMEASURED,Never measured in survey campaigns
GUAN,GUAN_052,NEON.PLA.D04.GUAN.00459,Unknown plant,2PLANT,UNMEASURED,Never measured in survey campaigns
GUAN,GUAN_018,NEON.PLA.D04.GUAN.05657,Leptocereus quadricostatus (Bello) Britton & Rose,LEQU,UNMEASURED,Never measured in survey campaigns
GUAN,GUAN_003,NEON.PLA.D04.GUAN.09360,Coccoloba diversifolia Jacq.,CODI8,UNMEASURED,Never measured in survey campaigns
GUAN,GUAN_049,NEON.PLA.D04.GUAN.08506,Leptocereus quadricostatus (Bello) Britton & Rose,LEQU,UNMEASURED,Never measured in survey campaigns
GUAN,GUAN_056,NEON.PLA.D04.GUAN.14682,Unknown plant,2PLANT,UNMEASURED,Never measured in survey campaigns
GUAN,GUAN_055,NEON.PLA.D04.GUAN.08579,Leucothrinax morrisii,LEMO5,UNMEASURED,Never measured in survey campaigns
GUAN,GUAN_005,NEON.PLA.D04.GUAN.05947,Leptocereus quadricostatus (Bello) Britton & Rose,LEQU,UNMEASURED,Never measured in survey campaigns
GUAN,GUAN_016,NEON.PLA.D04.GUAN.09341,Capparis hastata Jacq.,CAHA9,UNMEASURED,Never measured in survey campaigns
GUAN,GUAN_014,NEON.PLA.D04.GUAN.05739,Pilosocereus royenii (L.) Byles & Rowley,PIRO6,UNMEASURED,Never measured in survey campaigns
GUAN,GUAN_008,NEON.PLA.D04.GUAN.09186,Coccoloba diversifolia Jacq.,CODI8,UNMEASURED,Never measured in survey campaigns
GUAN,GUAN_058,NEON.PLA.D04.GUAN.09021,Coccothrinax barbadensis (Lodd. ex Mart.) Becc.,COBA3,UNMEASURED,Never measured in survey campaigns
GUAN,GUAN_044,NEON.PLA.D04.GUAN.05572,Pilosocereus royenii (L.) Byles & Rowley,PIRO6,UNMEASURED,Never measured in survey campaigns
GUAN,GUAN_047,NEON.PLA.D04.GUAN.09363,Eugenia axillaris (Sw.) Willd.,EUAX,UNMEASURED,Never measured in survey campaigns
GUAN,GUAN_055,NEON.PLA.D04.GUAN.01011,Unknown plant,2PLANT,UNMEASURED,Never measured in survey campaigns
GUAN,GUAN_042,NEON.PLA.D04.GUAN.05551,Leptocereus quadricostatus (Bello) Britton & Rose,LEQU,UNMEASURED,Never measured in survey campaigns
GUAN,GUAN_010,NEON.PLA.D04.GUAN.09288,Gymnanthes lucida Sw.,GYLU,UNMEASURED,Never measured in survey campaigns
GUAN,GUAN_008,NEON.PLA.D04.GUAN.09184,Corchorus hirsutus L.,COHI3,UNMEASURED,Never measured in survey campaigns
GUAN,GUAN_003,NEON.PLA.D04.GUAN.09405,Leptocereus quadricostatus (Bello) Britton & Rose,LEQU,UNMEASURED,Never measured in survey campaigns
GUAN,GUAN_006,NEON.PLA.D04.GUAN.09127,Croton lucidus L.,CRLU2,UNMEASURED,Never measured in survey campaigns
GUAN,GUAN_019,NEON.PLA.D04.GUAN.09162,Exostema caribaeum (Jacq.) Schult.,EXCA,UNMEASURED,Never measured in survey campaigns
GUAN,GUAN_016,NEON.PLA.D04.GUAN.04211B,Pisonia albida (Heimerl) Britton ex Standl.,PIAL3,UNMEASURED,Never measured in survey campaigns
GUAN,GUAN_010,NEON.PLA.D04.GUAN.09274,Gymnanthes lucida Sw.,GYLU,UNMEASURED,Never measured in survey campaigns
GUAN,GUAN_048,NEON.PLA.D04.GUAN.09364,Pictetia aculeata (Vahl) Urb.,PIAC,UNMEASURED,Never measured in survey campaigns
GUAN,GUAN_013,NEON.PLA.D04.GUAN.09337Z,Gymnanthes lucida Sw.,GYLU,UNMEASURED,Never measured in survey campaigns
GUAN,GUAN_043,NEON.PLA.D04.GUAN.00055,Unknown plant,2PLANT,UNMEASURED,Never measured in survey campaigns
GUAN,GUAN_042,NEON.PLA.D04.GUAN.09407,Leptocereus quadricostatus (Bello) Britton & Rose,LEQU,UNMEASURED,Never measured in survey campaigns
GUAN,GUAN_042,NEON.PLA.D04.GUAN.08004,Leptocereus quadricostatus (Bello) Britton & Rose,LEQU,UNMEASURED,Never measured in survey campaigns
GUAN,GUAN_049,NEON.PLA.D04.GUAN.08504,Leptocereus quadricostatus (Bello) Britton & Rose,LEQU,UNMEASURED,Never measured in survey campaigns
GUAN,GUAN_016,NEON.PLA.D04.GUAN.09340,Coccoloba diversifolia Jacq.,CODI8,UNMEASURED,Never measured in survey campaigns
GUAN,GUAN_004,NEON.PLA.D04.GUAN.04489A,Bucida buceras L.,BUBU,UNMEASURED,Never measured in survey campaigns
GUAN,GUAN_003,NEON.PLA.D04.GUAN.05509,Leptocereus quadricostatus (Bello) Britton & Rose,LEQU,UNMEASURED,Never measured in survey campaigns
GUAN,GUAN_010,NEON.PLA.D04.GUAN.09284,Croton lucidus L.,CRLU2,UNMEASURED,Never measured in survey campaigns
GUAN,GUAN_059,NEON.PLA.D04.GUAN.08701,Leptocereus quadricostatus (Bello) Britton & Rose,LEQU,UNMEASURED,Never measured in survey campaigns
GUAN,GUAN_048,NEON.PLA.D04.GUAN.03659,Croton flavens L.,CRFL23,UNMEASURED,Never measured in survey campaigns
GUAN,GUAN_008,NEON.PLA.D04.GUAN.09292,Pilosocereus royenii (L.) Byles & Rowley,PIRO6,UNMEASURED,Never measured in survey campaigns
GUAN,GUAN_001,NEON.PLA.D04.GUAN.04571,Unknown plant,2PLANT,UNMEASURED,Never measured in survey campaigns
GUAN,GUAN_060,NEON.PLA.D04.GUAN.09388,Leptocereus quadricostatus (Bello) Britton & Rose,LEQU,UNMEASURED,Never measured in survey campaigns
GUAN,GUAN_008,NEON.PLA.D04.GUAN.09181,Coccoloba diversifolia Jacq.,CODI8,UNMEASURED,Never measured in survey campaigns
GUAN,GUAN_004,NEON.PLA.D04.GUAN.08058,Pilosocereus royenii (L.) Byles & Rowley,PIRO6,UNMEASURED,Never measured in survey campaigns
GUAN,GUAN_058,NEON.PLA.D04.GUAN.09095,Coccothrinax barbadensis (Lodd. ex Mart.) Becc.,COBA3,UNMEASURED,Never measured in survey campaigns
GUAN,GUAN_003,NEON.PLA.D04.GUAN.05519,Leptocereus quadricostatus (Bello) Britton & Rose,LEQU,UNMEASURED,Never measured in survey campaigns
GUAN,GUAN_061,NEON.PLA.D04.GUAN.00939,Unknown plant,2PLANT,UNMEASURED,Never measured in survey campaigns
GUAN,GUAN_005,NEON.PLA.D04.GUAN.05958,Leptocereus quadricostatus (Bello) Britton & Rose,LEQU,UNMEASURED,Never measured in survey campaigns
GUAN,GUAN_059,NEON.PLA.D04.GUAN.08702,Leptocereus quadricostatus (Bello) Britton & Rose,LEQU,UNMEASURED,Never measured in survey campaigns
GUAN,GUAN_007,NEON.PLA.D04.GUAN.09278,Coccoloba diversifolia Jacq.,CODI8,UNMEASURED,Never measured in survey campaigns
GUAN,GUAN_011,NEON.PLA.D04.GUAN.09393,Cassine xylocarpa Vent.,CAXY,UNMEASURED,Never measured in survey campaigns
GUAN,GUAN_011,NEON.PLA.D04.GUAN.09140,Leucothrinax morrisii,LEMO5,UNMEASURED,Never measured in survey campaigns
GUAN,GUAN_048,NEON.PLA.D04.GUAN.08866B,Eugenia rhombea (Berg) Krug & Urb.,EURH,UNMEASURED,Never measured in survey campaigns
GUAN,GUAN_003,NEON.PLA.D04.GUAN.08877Z,Amyris elemifera L.,AMEL,UNMEASURED,Never measured in survey campaigns
GUAN,GUAN_049,NEON.PLA.D04.GUAN.08503,Leptocereus quadricostatus (Bello) Britton & Rose,LEQU,UNMEASURED,Never measured in survey campaigns
GUAN,GUAN_042,NEON.PLA.D04.GUAN.08043,Leptocereus quadricostatus (Bello) Britton & Rose,LEQU,UNMEASURED,Never measured in survey campaigns
GUAN,GUAN_002,NEON.PLA.D04.GUAN.01944,Guaiacum sanctum L.,GUSA,NO_ALLOMETRY,Has diameter measurements but no biomass estimates
GUAN,GUAN_002,NEON.PLA.D04.GUAN.01939,Guaiacum officinale L.,GUOF,NO_ALLOMETRY,Has diameter measurements but no biomass estimates
GUAN,GUAN_002,NEON.PLA.D04.GUAN.01941,Exostema caribaeum (Jacq.) Schult.,EXCA,NO_ALLOMETRY,Has diameter measurements but no biomass estimates
GUAN,GUAN_002,NEON.PLA.D04.GUAN.01951,Bursera simaruba (L.) Sarg.,BUSI,NO_ALLOMETRY,Has diameter measurements but no biomass estimates
GUAN,GUAN_002,NEON.PLA.D04.GUAN.01950,Exostema caribaeum (Jacq.) Schult.,EXCA,NO_ALLOMETRY,Has diameter measurements but no biomass estimates
GUAN,GUAN_018,NEON.PLA.D04.GUAN.04273,Bursera simaruba (L.) Sarg.,BUSI,NO_ALLOMETRY,Has diameter measurements but no biomass estimates
GUAN,GUAN_018,NEON.PLA.D04.GUAN.04202,Guaiacum officinale L.,GUOF,NO_ALLOMETRY,Has diameter measurements but no biomass estimates
GUAN,GUAN_004,NEON.PLA.D04.GUAN.04330,Bursera simaruba (L.) Sarg.,BUSI,NO_ALLOMETRY,Has diameter measurements but no biomass estimates
GUAN,GUAN_004,NEON.PLA.D04.GUAN.04333A,Sideroxylon salicifolium (L.) Lam.,SISA6,NO_ALLOMETRY,Has diameter measurements but no biomass estimates
GUAN,GUAN_004,NEON.PLA.D04.GUAN.04333B,Sideroxylon salicifolium (L.) Lam.,SISA6,NO_ALLOMETRY,Has diameter measurements but no biomass estimates
GUAN,GUAN_004,NEON.PLA.D04.GUAN.04333,Sideroxylon salicifolium (L.) Lam.,SISA6,NO_ALLOMETRY,Has diameter measurements but no biomass estimates
GUAN,GUAN_004,NEON.PLA.D04.GUAN.04332,Bursera simaruba (L.) Sarg.,BUSI,NO_ALLOMETRY,Has diameter measurements but no biomass estimates
GUAN,GUAN_008,NEON.PLA.D04.GUAN.03548,Guettarda krugii Urb.,GUKR,NO_ALLOMETRY,Has diameter measurements but no biomass estimates
GUAN,GUAN_008,NEON.PLA.D04.GUAN.04347,Bursera simaruba (L.) Sarg.,BUSI,NO_ALLOMETRY,Has diameter measurements but no biomass estimates
GUAN,GUAN_008,NEON.PLA.D04.GUAN.04356,Bursera simaruba (L.) Sarg.,BUSI,NO_ALLOMETRY,Has diameter measurements but no biomass estimates
GUAN,GUAN_003,NEON.PLA.D04.GUAN.02108,Bursera simaruba (L.) Sarg.,BUSI,NO_ALLOMETRY,Has diameter measurements but no biomass estimates
GUAN,GUAN_003,NEON.PLA.D04.GUAN.02104,Bursera simaruba (L.) Sarg.,BUSI,NO_ALLOMETRY,Has diameter measurements but no biomass estimates
GUAN,GUAN_003,NEON.PLA.D04.GUAN.02063,Bursera simaruba (L.) Sarg.,BUSI,NO_ALLOMETRY,Has diameter measurements but no biomass estimates
GUAN,GUAN_003,NEON.PLA.D04.GUAN.05117,Amyris elemifera L.,AMEL,NO_ALLOMETRY,Has diameter measurements but no biomass estimates
GUAN,GUAN_003,NEON.PLA.D04.GUAN.02069,Bursera simaruba (L.) Sarg.,BUSI,NO_ALLOMETRY,Has diameter measurements but no biomass estimates
GUAN,GUAN_003,NEON.PLA.D04.GUAN.02066,Bursera simaruba (L.) Sarg.,BUSI,NO_ALLOMETRY,Has diameter measurements but no biomass estimates
GUAN,GUAN_003,NEON.PLA.D04.GUAN.02075,Bursera simaruba (L.) Sarg.,BUSI,NO_ALLOMETRY,Has diameter measurements but no biomass estimates
GUAN,GUAN_015,NEON.PLA.D04.GUAN.02330,Bursera simaruba (L.) Sarg.,BUSI,NO_ALLOMETRY,Has diameter measurements but no biomass estimates
GUAN,GUAN_015,NEON.PLA.D04.GUAN.02330A,Bursera simaruba (L.) Sarg.,BUSI,NO_ALLOMETRY,Has diameter measurements but no biomass estimates
GUAN,GUAN_015,NEON.PLA.D04.GUAN.02303,Bursera simaruba (L.) Sarg.,BUSI,NO_ALLOMETRY,Has diameter measurements but no biomass estimates
GUAN,GUAN_015,NEON.PLA.D04.GUAN.02329,Bursera simaruba (L.) Sarg.,BUSI,NO_ALLOMETRY,Has diameter measurements but no biomass estimates
GUAN,GUAN_015,NEON.PLA.D04.GUAN.02330B,Bursera simaruba (L.) Sarg.,BUSI,NO_ALLOMETRY,Has diameter measurements but no biomass estimates
GUAN,GUAN_015,NEON.PLA.D04.GUAN.02301,Guaiacum officinale L.,GUOF,NO_ALLOMETRY,Has diameter measurements but no biomass estimates
GUAN,GUAN_019,NEON.PLA.D04.GUAN.05009,Bursera simaruba (L.) Sarg.,BUSI,NO_ALLOMETRY,Has diameter measurements but no biomass estimates
GUAN,GUAN_043,NEON.PLA.D04.GUAN.00061B,Guaiacum officinale L.,GUOF,NO_ALLOMETRY,Has diameter measurements but no biomass estimates
GUAN,GUAN_043,NEON.PLA.D04.GUAN.00061,Guaiacum officinale L.,GUOF,NO_ALLOMETRY,Has diameter measurements but no biomass estimates
GUAN,GUAN_043,NEON.PLA.D04.GUAN.00145,Guaiacum officinale L.,GUOF,NO_ALLOMETRY,Has diameter measurements but no biomass estimates
GUAN,GUAN_043,NEON.PLA.D04.GUAN.00137,Guaiacum officinale L.,GUOF,NO_ALLOMETRY,Has diameter measurements but no biomass estimates
GUAN,GUAN_043,NEON.PLA.D04.GUAN.00028,Bursera simaruba (L.) Sarg.,BUSI,NO_ALLOMETRY,Has diameter measurements but no biomass estimates
GUAN,GUAN_043,NEON.PLA.D04.GUAN.00145A,Guaiacum officinale L.,GUOF,NO_ALLOMETRY,Has diameter measurements but no biomass estimates
GUAN,GUAN_043,NEON.PLA.D04.GUAN.00065A,Guaiacum officinale L.,GUOF,NO_ALLOMETRY,Has diameter measurements but no biomass estimates
GUAN,GUAN_043,NEON.PLA.D04.GUAN.00065,Guaiacum officinale L.,GUOF,NO_ALLOMETRY,Has diameter measurements but no biomass estimates
GUAN,GUAN_043,NEON.PLA.D04.GUAN.00065B,Guaiacum officinale L.,GUOF,NO_ALLOMETRY,Has diameter measurements but no biomass estimates
GUAN,GUAN_055,NEON.PLA.D04.GUAN.00644,Guaiacum officinale L.,GUOF,NO_ALLOMETRY,Has diameter measurements but no biomass estimates
GUAN,GUAN_055,NEON.PLA.D04.GUAN.00657,Guaiacum officinale L.,GUOF,NO_ALLOMETRY,Has diameter measurements but no biomass estimates
GUAN,GUAN_055,NEON.PLA.D04.GUAN.05257,Guaiacum officinale L.,GUOF,NO_ALLOMETRY,Has diameter measurements but no biomass estimates
GUAN,GUAN_055,NEON.PLA.D04.GUAN.00642,Guaiacum officinale L.,GUOF,NO_ALLOMETRY,Has diameter measurements but no biomass estimates
GUAN,GUAN_055,NEON.PLA.D04.GUAN.00631,Guaiacum officinale L.,GUOF,NO_ALLOMETRY,Has diameter measurements but no biomass estimates
GUAN,GUAN_055,NEON.PLA.D04.GUAN.00637,Guaiacum officinale L.,GUOF,NO_ALLOMETRY,Has diameter measurements but no biomass estimates
GUAN,GUAN_055,NEON.PLA.D04.GUAN.01006,Guaiacum officinale L.,GUOF,NO_ALLOMETRY,Has diameter measurements but no biomass estimates
GUAN,GUAN_055,NEON.PLA.D04.GUAN.01049,Bursera simaruba (L.) Sarg.,BUSI,NO_ALLOMETRY,Has diameter measurements but no biomass estimates
GUAN,GUAN_055,NEON.PLA.D04.GUAN.01004,Guaiacum officinale L.,GUOF,NO_ALLOMETRY,Has diameter measurements but no biomass estimates
GUAN,GUAN_055,NEON.PLA.D04.GUAN.00640,Guaiacum officinale L.,GUOF,NO_ALLOMETRY,Has diameter measurements but no biomass estimates
GUAN,GUAN_055,NEON.PLA.D04.GUAN.00639,Guaiacum officinale L.,GUOF,NO_ALLOMETRY,Has diameter measurements but no biomass estimates
GUAN,GUAN_055,NEON.PLA.D04.GUAN.00651,Guaiacum officinale L.,GUOF,NO_ALLOMETRY,Has diameter measurements but no biomass estimates
GUAN,GUAN_055,NEON.PLA.D04.GUAN.01008,Guaiacum officinale L.,GUOF,NO_ALLOMETRY,Has diameter measurements but no biomass estimates
GUAN,GUAN_055,NEON.PLA.D04.GUAN.01051,Guaiacum officinale L.,GUOF,NO_ALLOMETRY,Has diameter measurements but no biomass estimates
GUAN,GUAN_054,NEON.PLA.D04.GUAN.00488,Guaiacum officinale L.,GUOF,NO_ALLOMETRY,Has diameter measurements but no biomass estimates
GUAN,GUAN_054,NEON.PLA.D04.GUAN.00492,Guaiacum officinale L.,GUOF,NO_ALLOMETRY,Has diameter measurements but no biomass estimates
GUAN,GUAN_054,NEON.PLA.D04.GUAN.00481,Guaiacum officinale L.,GUOF,NO_ALLOMETRY,Has diameter measurements but no biomass estimates
GUAN,GUAN_054,NEON.PLA.D04.GUAN.00471,Guaiacum officinale L.,GUOF,NO_ALLOMETRY,Has diameter measurements but no biomass estimates
GUAN,GUAN_058,NEON.PLA.D04.GUAN.01054,Guaiacum officinale L.,GUOF,NO_ALLOMETRY,Has diameter measurements but no biomass estimates
GUAN,GUAN_058,NEON.PLA.D04.GUAN.00693,Guaiacum officinale L.,GUOF,NO_ALLOMETRY,Has diameter measurements but no biomass estimates
GUAN,GUAN_058,NEON.PLA.D04.GUAN.01068,Guaiacum officinale L.,GUOF,NO_ALLOMETRY,Has diameter measurements but no biomass estimates
GUAN,GUAN_058,NEON.PLA.D04.GUAN.01086,Guaiacum officinale L.,GUOF,NO_ALLOMETRY,Has diameter measurements but no biomass estimates
GUAN,GUAN_058,NEON.PLA.D04.GUAN.01058,Bursera simaruba (L.) Sarg.,BUSI,NO_ALLOMETRY,Has diameter measurements but no biomass estimates
GUAN,GUAN_058,NEON.PLA.D04.GUAN.01000,Guaiacum officinale L.,GUOF,NO_ALLOMETRY,Has diameter measurements but no biomass estimates
GUAN,GUAN_058,NEON.PLA.D04.GUAN.05242,Guaiacum officinale L.,GUOF,NO_ALLOMETRY,Has diameter measurements but no biomass estimates
GUAN,GUAN_058,NEON.PLA.D04.GUAN.01057,Guaiacum officinale L.,GUOF,NO_ALLOMETRY,Has diameter measurements but no biomass estimates
GUAN,GUAN_058,NEON.PLA.D04.GUAN.01064,Guaiacum officinale L.,GUOF,NO_ALLOMETRY,Has diameter measurements but no biomass estimates
GUAN,GUAN_058,NEON.PLA.D04.GUAN.01052,Guaiacum officinale L.,GUOF,NO_ALLOMETRY,Has diameter measurements but no biomass estimates
GUAN,GUAN_058,NEON.PLA.D04.GUAN.01061,Guaiacum officinale L.,GUOF,NO_ALLOMETRY,Has diameter measurements but no biomass estimates
GUAN,GUAN_058,NEON.PLA.D04.GUAN.01080,Guaiacum officinale L.,GUOF,NO_ALLOMETRY,Has diameter measurements but no biomass estimates
GUAN,GUAN_058,NEON.PLA.D04.GUAN.01088,Guaiacum officinale L.,GUOF,NO_ALLOMETRY,Has diameter measurements but no biomass estimates
GUAN,GUAN_058,NEON.PLA.D04.GUAN.08496,Guaiacum officinale L.,GUOF,NO_ALLOMETRY,Has diameter measurements but no biomass estimates
GUAN,GUAN_058,NEON.PLA.D04.GUAN.01074,Guaiacum officinale L.,GUOF,NO_ALLOMETRY,Has diameter measurements but no biomass estimates
GUAN,GUAN_058,NEON.PLA.D04.GUAN.01084,Guaiacum officinale L.,GUOF,NO_ALLOMETRY,Has diameter measurements but no biomass estimates
GUAN,GUAN_058,NEON.PLA.D04.GUAN.08483,Guaiacum officinale L.,GUOF,NO_ALLOMETRY,Has diameter measurements but no biomass estimates
GUAN,GUAN_058,NEON.PLA.D04.GUAN.00998,Guaiacum officinale L.,GUOF,NO_ALLOMETRY,Has diameter measurements but no biomass estimates
GUAN,GUAN_058,NEON.PLA.D04.GUAN.01072,Guaiacum officinale L.,GUOF,NO_ALLOMETRY,Has diameter measurements but no biomass estimates
GUAN,GUAN_058,NEON.PLA.D04.GUAN.01065,Guaiacum officinale L.,GUOF,NO_ALLOMETRY,Has diameter measurements but no biomass estimates
GUAN,GUAN_042,NEON.PLA.D04.GUAN.02999,Guaiacum sanctum L.,GUSA,NO_ALLOMETRY,Has diameter measurements but no biomass estimates
GUAN,GUAN_042,NEON.PLA.D04.GUAN.02991,Guaiacum sanctum L.,GUSA,NO_ALLOMETRY,Has diameter measurements but no biomass estimates
GUAN,GUAN_042,NEON.PLA.D04.GUAN.02697,Guaiacum sanctum L.,GUSA,NO_ALLOMETRY,Has diameter measurements but no biomass estimates
GUAN,GUAN_042,NEON.PLA.D04.GUAN.02699,Guaiacum sanctum L.,GUSA,NO_ALLOMETRY,Has diameter measurements but no biomass estimates
GUAN,GUAN_042,NEON.PLA.D04.GUAN.02982B,Guaiacum sanctum L.,GUSA,NO_ALLOMETRY,Has diameter measurements but no biomass estimates
GUAN,GUAN_042,NEON.PLA.D04.GUAN.02699A,Guaiacum sanctum L.,GUSA,NO_ALLOMETRY,Has diameter measurements but no biomass estimates
GUAN,GUAN_042,NEON.PLA.D04.GUAN.02982,Guaiacum sanctum L.,GUSA,NO_ALLOMETRY,Has diameter measurements but no biomass estimates
GUAN,GUAN_042,NEON.PLA.D04.GUAN.02982A,Guaiacum sanctum L.,GUSA,NO_ALLOMETRY,Has diameter measurements but no biomass estimates
GUAN,GUAN_042,NEON.PLA.D04.GUAN.02983,Guaiacum sanctum L.,GUSA,NO_ALLOMETRY,Has diameter measurements but no biomass estimates
GUAN,GUAN_042,NEON.PLA.D04.GUAN.03000,Guaiacum sanctum L.,GUSA,NO_ALLOMETRY,Has diameter measurements but no biomass estimates
GUAN,GUAN_042,NEON.PLA.D04.GUAN.03000A,Guaiacum sanctum L.,GUSA,NO_ALLOMETRY,Has diameter measurements but no biomass estimates
GUAN,GUAN_042,NEON.PLA.D04.GUAN.02692,Bursera simaruba (L.) Sarg.,BUSI,NO_ALLOMETRY,Has diameter measurements but no biomass estimates
GUAN,GUAN_042,NEON.PLA.D04.GUAN.02983A,Guaiacum sanctum L.,GUSA,NO_ALLOMETRY,Has diameter measurements but no biomass estimates
GUAN,GUAN_042,NEON.PLA.D04.GUAN.02982C,Guaiacum sanctum L.,GUSA,NO_ALLOMETRY,Has diameter measurements but no biomass estimates
GUAN,GUAN_042,NEON.PLA.D04.GUAN.02984,Bursera simaruba (L.) Sarg.,BUSI,NO_ALLOMETRY,Has diameter measurements but no biomass estimates
GUAN,GUAN_059,NEON.PLA.D04.GUAN.03128,Guaiacum sanctum L.,GUSA,NO_ALLOMETRY,Has diameter measurements but no biomass estimates
GUAN,GUAN_059,NEON.PLA.D04.GUAN.03138,Guaiacum sanctum L.,GUSA,NO_ALLOMETRY,Has diameter measurements but no biomass estimates
GUAN,GUAN_059,NEON.PLA.D04.GUAN.03128A,Guaiacum sanctum L.,GUSA,NO_ALLOMETRY,Has diameter measurements but no biomass estimates
GUAN,GUAN_059,NEON.PLA.D04.GUAN.03136,Bursera simaruba (L.) Sarg.,BUSI,NO_ALLOMETRY,Has diameter measurements but no biomass estimates
GUAN,GUAN_051,NEON.PLA.D04.GUAN.01553B,Guaiacum sanctum L.,GUSA,NO_ALLOMETRY,Has diameter measurements but no biomass estimates
GUAN,GUAN_051,NEON.PLA.D04.GUAN.01553A,Guaiacum sanctum L.,GUSA,NO_ALLOMETRY,Has diameter measurements but no biomass estimates
GUAN,GUAN_051,NEON.PLA.D04.GUAN.01533,Bursera simaruba (L.) Sarg.,BUSI,NO_ALLOMETRY,Has diameter measurements but no biomass estimates
GUAN,GUAN_051,NEON.PLA.D04.GUAN.01534,Guaiacum sanctum L.,GUSA,NO_ALLOMETRY,Has diameter measurements but no biomass estimates
GUAN,GUAN_051,NEON.PLA.D04.GUAN.01553,Guaiacum sanctum L.,GUSA,NO_ALLOMETRY,Has diameter measurements but no biomass estimates
GUAN,GUAN_051,NEON.PLA.D04.GUAN.05496,Guaiacum sanctum L.,GUSA,NO_ALLOMETRY,Has diameter measurements but no biomass estimates
GUAN,GUAN_051,NEON.PLA.D04.GUAN.01536,Bursera simaruba (L.) Sarg.,BUSI,NO_ALLOMETRY,Has diameter measurements but no biomass estimates
GUAN,GUAN_051,NEON.PLA.D04.GUAN.01527,Bursera simaruba (L.) Sarg.,BUSI,NO_ALLOMETRY,Has diameter measurements but no biomass estimates
GUAN,GUAN_051,NEON.PLA.D04.GUAN.01539,Bursera simaruba (L.) Sarg.,BUSI,NO_ALLOMETRY,Has diameter measurements but no biomass estimates
GUAN,GUAN_051,NEON.PLA.D04.GUAN.05498,Bursera simaruba (L.) Sarg.,BUSI,NO_ALLOMETRY,Has diameter measurements but no biomass estimates
GUAN,GUAN_051,NEON.PLA.D04.GUAN.01525,Bursera simaruba (L.) Sarg.,BUSI,NO_ALLOMETRY,Has diameter measurements but no biomass estimates
GUAN,GUAN_056,NEON.PLA.D04.GUAN.01264A,Guaiacum officinale L.,GUOF,NO_ALLOMETRY,Has diameter measurements but no biomass estimates
GUAN,GUAN_056,NEON.PLA.D04.GUAN.01264B,Guaiacum officinale L.,GUOF,NO_ALLOMETRY,Has diameter measurements but no biomass estimates
GUAN,GUAN_051,NEON.PLA.D04.GUAN.01547,Bursera simaruba (L.) Sarg.,BUSI,NO_ALLOMETRY,Has diameter measurements but no biomass estimates
GUAN,GUAN_056,NEON.PLA.D04.GUAN.01264,Guaiacum officinale L.,GUOF,NO_ALLOMETRY,Has diameter measurements but no biomass estimates
GUAN,GUAN_051,NEON.PLA.D04.GUAN.01545,Guaiacum sanctum L.,GUSA,NO_ALLOMETRY,Has diameter measurements but no biomass estimates
GUAN,GUAN_050,NEON.PLA.D04.GUAN.02678,Bursera simaruba (L.) Sarg.,BUSI,NO_ALLOMETRY,Has diameter measurements but no biomass estimates
GUAN,GUAN_050,NEON.PLA.D04.GUAN.02629,Bursera simaruba (L.) Sarg.,BUSI,NO_ALLOMETRY,Has diameter measurements but no biomass estimates
GUAN,GUAN_050,NEON.PLA.D04.GUAN.02676,Bursera simaruba (L.) Sarg.,BUSI,NO_ALLOMETRY,Has diameter measurements but no biomass estimates
GUAN,GUAN_050,NEON.PLA.D04.GUAN.05391,Bursera simaruba (L.) Sarg.,BUSI,NO_ALLOMETRY,Has diameter measurements but no biomass estimates
GUAN,GUAN_057,NEON.PLA.D04.GUAN.01215,Bursera simaruba (L.) Sarg.,BUSI,NO_ALLOMETRY,Has diameter measurements but no biomass estimates
GUAN,GUAN_049,NEON.PLA.D04.GUAN.01205A,Guaiacum sanctum L.,GUSA,NO_ALLOMETRY,Has diameter measurements but no biomass estimates
GUAN,GUAN_049,NEON.PLA.D04.GUAN.01205B,Guaiacum sanctum L.,GUSA,NO_ALLOMETRY,Has diameter measurements but no biomass estimates
GUAN,GUAN_049,NEON.PLA.D04.GUAN.01205,Guaiacum sanctum L.,GUSA,NO_ALLOMETRY,Has diameter measurements but no biomass estimates
GUAN,GUAN_049,NEON.PLA.D04.GUAN.08289,Bursera simaruba (L.) Sarg.,BUSI,NO_ALLOMETRY,Has diameter measurements but no biomass estimates
GUAN,GUAN_061,NEON.PLA.D04.GUAN.00927,Bursera simaruba (L.) Sarg.,BUSI,NO_ALLOMETRY,Has diameter measurements but no biomass estimates
GUAN,GUAN_061,NEON.PLA.D04.GUAN.00942,Bursera simaruba (L.) Sarg.,BUSI,NO_ALLOMETRY,Has diameter measurements but no biomass estimates
GUAN,GUAN_061,NEON.PLA.D04.GUAN.00902,Bursera simaruba (L.) Sarg.,BUSI,NO_ALLOMETRY,Has diameter measurements but no biomass estimates
GUAN,GUAN_060,NEON.PLA.D04.GUAN.03765,Bursera simaruba (L.) Sarg.,BUSI,NO_ALLOMETRY,Has diameter measurements but no biomass estimates
GUAN,GUAN_060,NEON.PLA.D04.GUAN.03748,Bursera simaruba (L.) Sarg.,BUSI,NO_ALLOMETRY,Has diameter measurements but no biomass estimates
GUAN,GUAN_060,NEON.PLA.D04.GUAN.03749,Bursera simaruba (L.) Sarg.,BUSI,NO_ALLOMETRY,Has diameter measurements but no biomass estimates
GUAN,GUAN_060,NEON.PLA.D04.GUAN.03754,Bursera simaruba (L.) Sarg.,BUSI,NO_ALLOMETRY,Has diameter measurements but no biomass estimates
GUAN,GUAN_060,NEON.PLA.D04.GUAN.03769,Bursera simaruba (L.) Sarg.,BUSI,NO_ALLOMETRY,Has diameter measurements but no biomass estimates
GUAN,GUAN_060,NEON.PLA.D04.GUAN.03769A,Bursera simaruba (L.) Sarg.,BUSI,NO_ALLOMETRY,Has diameter measurements but no biomass estimates
GUAN,GUAN_048,NEON.PLA.D04.GUAN.05593,Bursera simaruba (L.) Sarg.,BUSI,NO_ALLOMETRY,Has diameter measurements but no biomass estimates
GUAN,GUAN_048,NEON.PLA.D04.GUAN.03368,Bursera simaruba (L.) Sarg.,BUSI,NO_ALLOMETRY,Has diameter measurements but no biomass estimates
GUAN,GUAN_048,NEON.PLA.D04.GUAN.03362,Bursera simaruba (L.) Sarg.,BUSI,NO_ALLOMETRY,Has diameter measurements but no biomass estimates
GUAN,GUAN_045,NEON.PLA.D04.GUAN.03700,Bursera simaruba (L.) Sarg.,BUSI,NO_ALLOMETRY,Has diameter measurements but no biomass estimates
GUAN,GUAN_045,NEON.PLA.D04.GUAN.03698,Bursera simaruba (L.) Sarg.,BUSI,NO_ALLOMETRY,Has diameter measurements but no biomass estimates
GUAN,GUAN_045,NEON.PLA.D04.GUAN.03681B,Bursera simaruba (L.) Sarg.,BUSI,NO_ALLOMETRY,Has diameter measurements but no biomass estimates
GUAN,GUAN_045,NEON.PLA.D04.GUAN.03681,Bursera simaruba (L.) Sarg.,BUSI,NO_ALLOMETRY,Has diameter measurements but no biomass estimates
GUAN,GUAN_045,NEON.PLA.D04.GUAN.03680,Bursera simaruba (L.) Sarg.,BUSI,NO_ALLOMETRY,Has diameter measurements but no biomass estimates
GUAN,GUAN_045,NEON.PLA.D04.GUAN.03692,Bursera simaruba (L.) Sarg.,BUSI,NO_ALLOMETRY,Has diameter measurements but no biomass estimates
GUAN,GUAN_045,NEON.PLA.D04.GUAN.03681A,Bursera simaruba (L.) Sarg.,BUSI,NO_ALLOMETRY,Has diameter measurements but no biomass estimates
GUAN,GUAN_045,NEON.PLA.D04.GUAN.03695,Bursera simaruba (L.) Sarg.,BUSI,NO_ALLOMETRY,Has diameter measurements but no biomass estimates
GUAN,GUAN_045,NEON.PLA.D04.GUAN.03693,Bursera simaruba (L.) Sarg.,BUSI,NO_ALLOMETRY,Has diameter measurements but no biomass estimates
GUAN,GUAN_047,NEON.PLA.D04.GUAN.01234,Bursera simaruba (L.) Sarg.,BUSI,NO_ALLOMETRY,Has diameter measurements but no biomass estimates
GUAN,GUAN_047,NEON.PLA.D04.GUAN.01232,Guaiacum officinale L.,GUOF,NO_ALLOMETRY,Has diameter measurements but no biomass estimates
GUAN,GUAN_046,NEON.PLA.D04.GUAN.03859,Bursera simaruba (L.) Sarg.,BUSI,NO_ALLOMETRY,Has diameter measurements but no biomass estimates
GUAN,GUAN_046,NEON.PLA.D04.GUAN.03857,Bursera simaruba (L.) Sarg.,BUSI,NO_ALLOMETRY,Has diameter measurements but no biomass estimates
GUAN,GUAN_046,NEON.PLA.D04.GUAN.03847,Bursera simaruba (L.) Sarg.,BUSI,NO_ALLOMETRY,Has diameter measurements but no biomass estimates
GUAN,GUAN_044,NEON.PLA.D04.GUAN.03392,Bursera simaruba (L.) Sarg.,BUSI,NO_ALLOMETRY,Has diameter measurements but no biomass estimates
GUAN,GUAN_044,NEON.PLA.D04.GUAN.03483,Bursera simaruba (L.) Sarg.,BUSI,NO_ALLOMETRY,Has diameter measurements but no biomass estimates
GUAN,GUAN_044,NEON.PLA.D04.GUAN.03394,Bursera simaruba (L.) Sarg.,BUSI,NO_ALLOMETRY,Has diameter measurements but no biomass estimates
GUAN,GUAN_044,NEON.PLA.D04.GUAN.03486,Bursera simaruba (L.) Sarg.,BUSI,NO_ALLOMETRY,Has diameter measurements but no biomass estimates
GUAN,GUAN_044,NEON.PLA.D04.GUAN.03487,Bursera simaruba (L.) Sarg.,BUSI,NO_ALLOMETRY,Has diameter measurements but no biomass estimates
GUAN,GUAN_044,NEON.PLA.D04.GUAN.03398,Bursera simaruba (L.) Sarg.,BUSI,NO_ALLOMETRY,Has diameter measurements but no biomass estimates
GUAN,GUAN_044,NEON.PLA.D04.GUAN.03389,Bursera simaruba (L.) Sarg.,BUSI,NO_ALLOMETRY,Has diameter measurements but no biomass estimates
GUAN,GUAN_044,NEON.PLA.D04.GUAN.02631,Bursera simaruba (L.) Sarg.,BUSI,NO_ALLOMETRY,Has diameter measurements but no biomass estimates
GUAN,GUAN_044,NEON.PLA.D04.GUAN.03484,Bursera simaruba (L.) Sarg.,BUSI,NO_ALLOMETRY,Has diameter measurements but no biomass estimates
GUAN,GUAN_042,NEON.PLA.D04.GUAN.02991A,Guaiacum sanctum L.,GUSA,NO_ALLOMETRY,Has diameter measurements but no biomass estimates
GUAN,GUAN_043,NEON.PLA.D04.GUAN.00061A,Guaiacum officinale L.,GUOF,NO_ALLOMETRY,Has diameter measurements but no biomass estimates
GUAN,GUAN_016,NEON.PLA.D04.GUAN.04210,Guaiacum officinale L.,GUOF,NO_ALLOMETRY,Has diameter measurements but no biomass estimates
GUAN,GUAN_017,NEON.PLA.D04.GUAN.02025C,Sideroxylon obovatum Lam.,SIOB,NO_ALLOMETRY,Has diameter measurements but no biomass estimates
GUAN,GUAN_017,NEON.PLA.D04.GUAN.02025D,Sideroxylon obovatum Lam.,SIOB,NO_ALLOMETRY,Has diameter measurements but no biomass estimates
GUAN,GUAN_017,NEON.PLA.D04.GUAN.02195,Bursera simaruba (L.) Sarg.,BUSI,NO_ALLOMETRY,Has diameter measurements but no biomass estimates
GUAN,GUAN_017,NEON.PLA.D04.GUAN.02196,Bursera simaruba (L.) Sarg.,BUSI,NO_ALLOMETRY,Has diameter measurements but no biomass estimates
GUAN,GUAN_017,NEON.PLA.D04.GUAN.02025A,Sideroxylon obovatum Lam.,SIOB,NO_ALLOMETRY,Has diameter measurements but no biomass estimates
GUAN,GUAN_017,NEON.PLA.D04.GUAN.02189,Bursera simaruba (L.) Sarg.,BUSI,NO_ALLOMETRY,Has diameter measurements but no biomass estimates
GUAN,GUAN_017,NEON.PLA.D04.GUAN.02025,Sideroxylon obovatum Lam.,SIOB,NO_ALLOMETRY,Has diameter measurements but no biomass estimates
GUAN,GUAN_002,NEON.PLA.D04.GUAN.01994,Gymnanthes lucida Sw.,GYLU,NO_ALLOMETRY,Has diameter measurements but no biomass estimates
GUAN,GUAN_007,NEON.PLA.D04.GUAN.02440,Bursera simaruba (L.) Sarg.,BUSI,NO_ALLOMETRY,Has diameter measurements but no biomass estimates
GUAN,GUAN_007,NEON.PLA.D04.GUAN.02771,Bursera simaruba (L.) Sarg.,BUSI,NO_ALLOMETRY,Has diameter measurements but no biomass estimates
GUAN,GUAN_018,NEON.PLA.D04.GUAN.05610,Guaiacum officinale L.,GUOF,NO_ALLOMETRY,Has diameter measurements but no biomass estimates
GUAN,GUAN_006,NEON.PLA.D04.GUAN.04232,Bursera simaruba (L.) Sarg.,BUSI,NO_ALLOMETRY,Has diameter measurements but no biomass estimates
GUAN,GUAN_006,NEON.PLA.D04.GUAN.04234,Guaiacum officinale L.,GUOF,NO_ALLOMETRY,Has diameter measurements but no biomass estimates
GUAN,GUAN_006,NEON.PLA.D04.GUAN.04231,Bursera simaruba (L.) Sarg.,BUSI,NO_ALLOMETRY,Has diameter measurements but no biomass estimates
GUAN,GUAN_006,NEON.PLA.D04.GUAN.04234A,Guaiacum officinale L.,GUOF,NO_ALLOMETRY,Has diameter measurements but no biomass estimates
GUAN,GUAN_006,NEON.PLA.D04.GUAN.04234B,Guaiacum officinale L.,GUOF,NO_ALLOMETRY,Has diameter measurements but no biomass estimates
GUAN,GUAN_006,NEON.PLA.D04.GUAN.04239,Bursera simaruba (L.) Sarg.,BUSI,NO_ALLOMETRY,Has diameter measurements but no biomass estimates
GUAN,GUAN_006,NEON.PLA.D04.GUAN.04231A,Bursera simaruba (L.) Sarg.,BUSI,NO_ALLOMETRY,Has diameter measurements but no biomass estimates
GUAN,GUAN_005,NEON.PLA.D04.GUAN.04172,Bursera simaruba (L.) Sarg.,BUSI,NO_ALLOMETRY,Has diameter measurements but no biomass estimates
GUAN,GUAN_005,NEON.PLA.D04.GUAN.04171,Bursera simaruba (L.) Sarg.,BUSI,NO_ALLOMETRY,Has diameter measurements but no biomass estimates
GUAN,GUAN_005,NEON.PLA.D04.GUAN.04183,Bursera simaruba (L.) Sarg.,BUSI,NO_ALLOMETRY,Has diameter measurements but no biomass estimates
GUAN,GUAN_005,NEON.PLA.D04.GUAN.04180,Sideroxylon obovatum Lam.,SIOB,NO_ALLOMETRY,Has diameter measurements but no biomass estimates
GUAN,GUAN_005,NEON.PLA.D04.GUAN.04185,Bursera simaruba (L.) Sarg.,BUSI,NO_ALLOMETRY,Has diameter measurements but no biomass estimates
GUAN,GUAN_043,NEON.PLA.D04.GUAN.00258,Bunchosia glandulosa (Cav.) DC.,BUGL,NO_ALLOMETRY,Has diameter measurements but no biomass estimates
GUAN,GUAN_020,NEON.PLA.D04.GUAN.05973,Bursera simaruba (L.) Sarg.,BUSI,NO_ALLOMETRY,Has diameter measurements but no biomass estimates
GUAN,GUAN_014,NEON.PLA.D04.GUAN.05897A,Bursera simaruba (L.) Sarg.,BUSI,NO_ALLOMETRY,Has diameter measurements but no biomass estimates
GUAN,GUAN_014,NEON.PLA.D04.GUAN.05798,Bursera simaruba (L.) Sarg.,BUSI,NO_ALLOMETRY,Has diameter measurements but no biomass estimates
GUAN,GUAN_014,NEON.PLA.D04.GUAN.05897,Bursera simaruba (L.) Sarg.,BUSI,NO_ALLOMETRY,Has diameter measurements but no biomass estimates
GUAN,GUAN_020,NEON.PLA.D04.GUAN.08978,Bursera simaruba (L.) Sarg.,BUSI,NO_ALLOMETRY,Has diameter measurements but no biomass estimates
GUAN,GUAN_012,NEON.PLA.D04.GUAN.05912A,Bourreria succulenta Jacq.,BOSU2,NO_ALLOMETRY,Has diameter measurements but no biomass estimates
GUAN,GUAN_012,NEON.PLA.D04.GUAN.05925,Bursera simaruba (L.) Sarg.,BUSI,NO_ALLOMETRY,Has diameter measurements but no biomass estimates
GUAN,GUAN_012,NEON.PLA.D04.GUAN.08555,Bursera simaruba (L.) Sarg.,BUSI,NO_ALLOMETRY,Has diameter measurements but no biomass estimates
GUAN,GUAN_042,NEON.PLA.D04.GUAN.03000B,Guaiacum sanctum L.,GUSA,NO_ALLOMETRY,Has diameter measurements but no biomass estimates
GUAN,GUAN_042,NEON.PLA.D04.GUAN.02999A,Guaiacum sanctum L.,GUSA,NO_ALLOMETRY,Has diameter measurements but no biomass estimates
GUAN,GUAN_042,NEON.PLA.D04.GUAN.02991C,Guaiacum sanctum L.,GUSA,NO_ALLOMETRY,Has diameter measurements but no biomass estimates
GUAN,GUAN_043,NEON.PLA.D04.GUAN.05637,Guaiacum officinale L.,GUOF,NO_ALLOMETRY,Has diameter measurements but no biomass estimates
GUAN,GUAN_051,NEON.PLA.D04.GUAN.01553E,Guaiacum sanctum L.,GUSA,NO_ALLOMETRY,Has diameter measurements but no biomass estimates
GUAN,GUAN_054,NEON.PLA.D04.GUAN.00481A,Guaiacum officinale L.,GUOF,NO_ALLOMETRY,Has diameter measurements but no biomass estimates
GUAN,GUAN_053,NEON.PLA.D04.GUAN.03457,Bursera simaruba (L.) Sarg.,BUSI,NO_ALLOMETRY,Has diameter measurements but no biomass estimates
GUAN,GUAN_053,NEON.PLA.D04.GUAN.03719A,Bursera simaruba (L.) Sarg.,BUSI,NO_ALLOMETRY,Has diameter measurements but no biomass estimates
GUAN,GUAN_053,NEON.PLA.D04.GUAN.03719,Bursera simaruba (L.) Sarg.,BUSI,NO_ALLOMETRY,Has diameter measurements but no biomass estimates
GUAN,GUAN_053,NEON.PLA.D04.GUAN.03459,Bursera simaruba (L.) Sarg.,BUSI,NO_ALLOMETRY,Has diameter measurements but no biomass estimates
GUAN,GUAN_053,NEON.PLA.D04.GUAN.03533,Bursera simaruba (L.) Sarg.,BUSI,NO_ALLOMETRY,Has diameter measurements but no biomass estimates
GUAN,GUAN_053,NEON.PLA.D04.GUAN.08746,Bursera simaruba (L.) Sarg.,BUSI,NO_ALLOMETRY,Has diameter measurements but no biomass estimates
GUAN,GUAN_058,NEON.PLA.D04.GUAN.01076,Guaiacum officinale L.,GUOF,NO_ALLOMETRY,Has diameter measurements but no biomass estimates
GUAN,GUAN_042,NEON.PLA.D04.GUAN.09315,Bucida buceras L.,BUBU,NO_ALLOMETRY,Has diameter measurements but no biomass estimates
GUAN,GUAN_042,NEON.PLA.D04.GUAN.09314,Guaiacum sanctum L.,GUSA,NO_ALLOMETRY,Has diameter measurements but no biomass estimates
GUAN,GUAN_042,NEON.PLA.D04.GUAN.09314D,Guaiacum sanctum L.,GUSA,NO_ALLOMETRY,Has diameter measurements but no biomass estimates
GUAN,GUAN_042,NEON.PLA.D04.GUAN.09011,Bursera simaruba (L.) Sarg.,BUSI,NO_ALLOMETRY,Has diameter measurements but no biomass estimates
GUAN,GUAN_001,NEON.PLA.D04.GUAN.04562A,Bourreria succulenta Jacq.,BOSU2,NO_ALLOMETRY,Has diameter measurements but no biomass estimates
